store_name,date,type,floor,enter_number,enter_rate,female_number,female_rate,male_number,male_rate,teenager_number,teenager_rate,youth_number,youth_rate,middle-aged_number,middle-aged_rate,senior_number,senior_rate,dropdown
AdidasOriginals,2021-02-01,accessories,B1,766,6,355,46,411,54,14,2,179,50,329 ,43,9,5,enter_rate
AdidasOriginals,2021-02-02,accessories,B1,802,5,369,46,433,54,13,2,180,49,353 ,44,10,5,female_rate
AdidasOriginals,2021-02-03,accessories,B1,767,6,371,48,396,52,14,2,183,49,330 ,43,11,6,male_rate
AdidasOriginals,2021-02-04,accessories,B1,944,6,452,48,492,52,21,2,207,46,434 ,46,12,6,teenager_rate
AdidasOriginals,2021-02-05,accessories,B1,1106,6,530,48,576,52,23,2,250,47,498 ,45,15,6,youth_rate
AdidasOriginals,2021-02-06,accessories,B1,2094,5,963,46,1131,54,41,2,426,44,963 ,46,32,8,middle-aged_rate
AdidasOriginals,2021-02-07,accessories,B1,1292,6,617,48,675,52,26,2,284,46,594 ,46,18,6,senior_rate
AdidasOriginals,2021-02-08,accessories,B1,1391,6,664,48,727,52,30,2,302,45,640 ,46,19,6,
AdidasOriginals,2021-02-09,accessories,B1,1688,6,800,47,888,53,39,2,353,44,793 ,47,23,7,
AdidasOriginals,2021-02-10,accessories,B1,2113,6,1008,48,1105,52,49,2,428,42,1014 ,48,29,7,
AdidasOriginals,2021-02-11,accessories,B1,930,7,436,47,494,53,32,3,187,43,456 ,49,9,5,
AdidasOriginals,2021-02-12,accessories,B1,1733,5,829,48,904,52,28,2,338,41,849 ,49,27,8,
AdidasOriginals,2021-02-13,accessories,B1,1749,4,878,50,871,50,37,2,350,40,892 ,51,26,7,
AdidasOriginals,2021-02-14,accessories,B1,1994,4,968,49,1026,51,32,2,386,40,997 ,50,34,9,
AdidasOriginals,2021-02-15,accessories,B1,1883,4,931,49,952,51,28,1,372,40,960 ,51,30,8,
AdidasOriginals,2021-02-16,accessories,B1,1626,4,779,48,847,52,26,2,323,42,813 ,50,22,7,
AdidasOriginals,2021-02-17,accessories,B1,1645,4,794,48,851,52,29,2,324,41,806 ,49,25,8,
AdidasOriginals,2021-02-18,accessories,B1,1150,5,503,44,647,56,24,2,243,48,506 ,44,14,6,
AdidasOriginals,2021-02-19,accessories,B1,1187,6,506,43,681,57,20,2,248,49,522 ,44,13,5,
AdidasOriginals,2021-02-20,accessories,B1,1354,6,602,44,752,56,27,2,286,47,609 ,45,15,5,
AdidasOriginals,2021-02-21,accessories,B1,1956,5,779,40,1177,60,46,2,381,49,841 ,43,20,5,
AdidasOriginals,2021-02-22,accessories,B1,981,7,424,43,557,57,26,3,218,51,402 ,41,10,5,
AdidasOriginals,2021-02-23,accessories,B1,942,6,409,43,533,57,15,2,202,49,414 ,44,11,5,
AdidasOriginals,2021-02-24,accessories,B1,911,6,423,46,488,54,17,2,215,51,383 ,42,11,5,
AdidasOriginals,2021-02-25,accessories,B1,1025,6,455,44,570,56,21,2,224,49,451 ,44,10,5,
AdidasOriginals,2021-02-26,accessories,B1,1205,6,557,46,648,54,30,2,266,48,542 ,45,13,5,
AdidasOriginals,2021-02-27,accessories,B1,2129,5,908,43,1221,57,42,2,406,45,1022 ,48,21,5,
AdidasOriginals,2021-02-28,accessories,B1,1626,5,674,41,952,59,24,1,314,47,764 ,47,16,5,
BOYLONDON,2021-02-01,accessories,B1,88,1,20,23,68,77,2,3,2,9,77 ,88,0,0,
BOYLONDON,2021-02-02,accessories,B1,213,2,40,19,173,81,8,4,7,18,158 ,74,0,5,
BOYLONDON,2021-02-03,accessories,B1,140,1,28,20,112,80,4,3,2,9,119 ,85,0,4,
BOYLONDON,2021-02-04,accessories,B1,143,1,23,16,120,84,7,5,3,14,112 ,78,0,3,
BOYLONDON,2021-02-05,accessories,B1,159,1,28,18,131,82,3,2,5,18,121 ,76,0,4,
BOYLONDON,2021-02-06,accessories,B1,553,2,112,20,441,80,21,4,25,23,387 ,70,1,4,
BOYLONDON,2021-02-07,accessories,B1,365,2,77,21,288,79,15,4,17,22,256 ,70,1,4,
BOYLONDON,2021-02-08,accessories,B1,261,1,53,20,208,80,10,4,12,23,185 ,71,0,2,
BOYLONDON,2021-02-09,accessories,B1,332,1,63,19,269,81,8,2,14,23,239 ,72,0,3,
BOYLONDON,2021-02-10,accessories,B1,504,2,96,19,408,81,18,4,24,25,343 ,68,1,4,
BOYLONDON,2021-02-11,accessories,B1,86,1,13,15,73,85,1,1,3,23,61 ,71,0,5,
BOYLONDON,2021-02-12,accessories,B1,178,1,32,18,146,82,4,2,8,24,123 ,69,0,4,
BOYLONDON,2021-02-13,accessories,B1,223,1,47,21,176,79,3,1,11,23,163 ,73,0,3,
BOYLONDON,2021-02-14,accessories,B1,220,1,57,26,163,74,6,3,16,28,143 ,65,1,4,
BOYLONDON,2021-02-15,accessories,B1,275,1,70,25,205,75,6,2,20,29,182 ,66,1,3,
BOYLONDON,2021-02-16,accessories,B1,282,1,57,20,225,80,8,3,14,24,195 ,69,0,4,
BOYLONDON,2021-02-17,accessories,B1,299,1,61,20,238,80,8,3,15,25,212 ,71,0,2,
BOYLONDON,2021-02-18,accessories,B1,134,1,27,20,107,80,1,1,7,26,92 ,69,0,4,
BOYLONDON,2021-02-19,accessories,B1,137,1,34,25,103,75,3,2,10,28,89 ,65,0,4,
BOYLONDON,2021-02-20,accessories,B1,206,1,42,21,164,79,11,5,9,22,140 ,68,0,5,
BOYLONDON,2021-02-21,accessories,B1,329,1,76,23,253,77,7,2,20,27,217 ,66,1,5,
BOYLONDON,2021-02-22,accessories,B1,88,1,17,19,71,81,4,5,4,24,57 ,65,0,7,
BOYLONDON,2021-02-23,accessories,B1,78,1,14,18,64,82,1,1,3,21,59 ,76,0,2,
BOYLONDON,2021-02-24,accessories,B1,70,1,15,21,55,79,3,4,4,28,46 ,65,0,3,
BOYLONDON,2021-02-25,accessories,B1,71,1,15,21,56,79,3,5,4,30,44 ,62,0,4,
BOYLONDON,2021-02-26,accessories,B1,112,1,19,17,93,83,5,5,5,24,76 ,68,0,3,
BOYLONDON,2021-02-27,accessories,B1,320,1,78,24,242,76,12,4,25,32,195 ,61,1,3,
BOYLONDON,2021-02-28,accessories,B1,131,1,37,28,94,72,5,4,11,30,83 ,63,0,4,
DuniangHotpot,2021-02-01,consumer_electronics,B1,201,6,63,31,138,69,3,2,21,33,74 ,37,6,28,
DuniangHotpot,2021-02-02,consumer_electronics,B1,161,4,49,30,112,70,1,0,18,37,69 ,43,4,20,
DuniangHotpot,2021-02-03,consumer_electronics,B1,142,4,36,25,106,75,1,0,12,33,51 ,36,4,30,
DuniangHotpot,2021-02-04,consumer_electronics,B1,266,5,99,37,167,63,5,2,38,38,112 ,42,7,18,
DuniangHotpot,2021-02-05,consumer_electronics,B1,398,4,142,36,256,64,5,1,41,29,199 ,50,8,19,
DuniangHotpot,2021-02-06,consumer_electronics,B1,685,3,248,36,437,64,4,1,86,35,308 ,45,17,20,
DuniangHotpot,2021-02-07,consumer_electronics,B1,184,2,69,38,115,62,1,1,29,42,77 ,42,4,15,
DuniangHotpot,2021-02-08,consumer_electronics,B1,405,6,111,28,294,72,5,1,33,29,186 ,46,8,24,
DuniangHotpot,2021-02-09,consumer_electronics,B1,295,4,82,28,213,72,6,2,32,39,139 ,47,4,12,
DuniangHotpot,2021-02-10,consumer_electronics,B1,358,4,183,51,175,49,9,2,86,47,132 ,37,12,14,
DuniangHotpot,2021-02-11,consumer_electronics,B1,64,3,21,33,43,67,1,2,9,42,28 ,44,1,12,
DuniangHotpot,2021-02-12,consumer_electronics,B1,283,2,139,49,144,51,6,2,50,36,133 ,47,7,15,
DuniangHotpot,2021-02-13,consumer_electronics,B1,523,2,235,45,288,55,5,1,74,31,267 ,51,13,17,
DuniangHotpot,2021-02-14,consumer_electronics,B1,865,3,396,46,469,54,10,1,131,33,441 ,51,19,14,
DuniangHotpot,2021-02-15,consumer_electronics,B1,539,2,232,43,307,57,7,1,78,34,264 ,49,12,16,
DuniangHotpot,2021-02-16,consumer_electronics,B1,720,3,296,41,424,59,3,0,100,34,382 ,53,13,13,
DuniangHotpot,2021-02-17,consumer_electronics,B1,295,1,125,42,170,58,3,1,45,36,153 ,52,5,11,
DuniangHotpot,2021-02-18,consumer_electronics,B1,337,7,131,39,206,61,2,1,53,40,158 ,47,6,12,
DuniangHotpot,2021-02-19,consumer_electronics,B1,403,4,153,38,250,62,4,1,48,31,149 ,37,15,30,
DuniangHotpot,2021-02-20,consumer_electronics,B1,495,5,188,38,307,62,5,1,57,31,257 ,52,10,17,
DuniangHotpot,2021-02-21,consumer_electronics,B1,392,2,146,37,246,63,6,1,56,38,161 ,41,11,20,
DuniangHotpot,2021-02-22,consumer_electronics,B1,216,4,90,42,126,58,1,0,39,43,84 ,39,7,18,
DuniangHotpot,2021-02-23,consumer_electronics,B1,249,6,88,35,161,65,5,2,39,44,92 ,37,7,17,
DuniangHotpot,2021-02-24,consumer_electronics,B1,241,4,81,34,160,66,2,1,43,53,96 ,40,3,7,
DuniangHotpot,2021-02-25,consumer_electronics,B1,143,3,68,48,75,52,5,3,32,47,60 ,42,2,8,
DuniangHotpot,2021-02-26,consumer_electronics,B1,306,3,133,44,173,56,6,2,48,36,159 ,52,5,10,
DuniangHotpot,2021-02-27,consumer_electronics,B1,714,3,318,44,396,56,3,0,105,33,314 ,44,24,23,
DuniangHotpot,2021-02-28,consumer_electronics,B1,344,2,106,31,238,69,4,1,34,32,138 ,40,9,27,
Dyson,2021-02-01,consumer_electronics,B1,6,0,5,80,1,20,0,0,1,30,3 ,50,0,20,
Dyson,2021-02-02,consumer_electronics,B1,22,0,10,48,12,53,1,5,4,38,10 ,45,0,13,
Dyson,2021-02-03,consumer_electronics,B1,15,0,7,44,8,56,0,3,2,33,8 ,56,0,8,
Dyson,2021-02-04,consumer_electronics,B1,18,0,12,66,6,34,1,3,5,41,9 ,52,0,3,
Dyson,2021-02-05,consumer_electronics,B1,17,0,7,42,10,58,0,0,3,39,9 ,55,0,6,
Dyson,2021-02-06,consumer_electronics,B1,99,0,49,49,50,51,1,1,24,50,43 ,43,2,6,
Dyson,2021-02-07,consumer_electronics,B1,54,0,29,53,25,47,1,2,11,40,30 ,55,0,3,
Dyson,2021-02-08,consumer_electronics,B1,39,0,22,58,17,42,1,2,11,47,17 ,44,1,8,
Dyson,2021-02-09,consumer_electronics,B1,58,0,29,50,29,50,0,0,14,49,27 ,47,1,4,
Dyson,2021-02-10,consumer_electronics,B1,107,0,46,43,61,57,3,3,18,40,56 ,52,1,5,
Dyson,2021-02-11,consumer_electronics,B1,12,0,7,62,5,38,1,7,2,21,9 ,72,0,0,
Dyson,2021-02-12,consumer_electronics,B1,64,0,31,49,33,51,3,5,12,39,33 ,52,1,5,
Dyson,2021-02-13,consumer_electronics,B1,90,0,48,54,42,46,1,1,20,42,48 ,53,1,5,
Dyson,2021-02-14,consumer_electronics,B1,99,0,52,53,47,47,1,1,24,47,47 ,47,1,5,
Dyson,2021-02-15,consumer_electronics,B1,77,0,48,63,29,37,3,4,20,42,35 ,45,2,9,
Dyson,2021-02-16,consumer_electronics,B1,62,0,31,50,31,50,1,2,17,53,25 ,41,1,4,
Dyson,2021-02-17,consumer_electronics,B1,77,0,40,51,37,49,0,0,22,55,34 ,44,0,1,
Dyson,2021-02-18,consumer_electronics,B1,17,0,12,69,5,31,0,0,4,33,9 ,54,1,13,
Dyson,2021-02-19,consumer_electronics,B1,28,0,16,58,12,42,0,0,9,56,10 ,37,1,6,
Dyson,2021-02-20,consumer_electronics,B1,30,0,20,68,10,32,1,3,10,49,13 ,42,1,5,
Dyson,2021-02-21,consumer_electronics,B1,69,0,37,53,32,47,1,1,18,50,31 ,45,1,5,
Dyson,2021-02-22,consumer_electronics,B1,18,0,9,50,9,50,0,0,4,43,10 ,54,0,4,
Dyson,2021-02-23,consumer_electronics,B1,14,0,7,46,7,54,2,11,4,57,4 ,29,0,4,
Dyson,2021-02-24,consumer_electronics,B1,7,0,4,50,3,50,0,0,2,50,4 ,50,0,0,
Dyson,2021-02-25,consumer_electronics,B1,21,0,11,53,10,47,1,3,5,44,10 ,47,0,6,
Dyson,2021-02-26,consumer_electronics,B1,19,0,9,49,10,51,0,0,4,41,8 ,44,1,15,
Dyson,2021-02-27,consumer_electronics,B1,74,0,37,51,37,49,0,1,18,48,34 ,46,1,5,
Dyson,2021-02-28,consumer_electronics,B1,36,0,20,54,16,46,0,0,12,63,13 ,36,0,1,
FILAFUSION,2021-02-01,fashions,B1,295,2,163,55,132,45,1,0,83,51,130 ,44,4,5,
FILAFUSION,2021-02-02,fashions,B1,283,2,169,60,114,40,1,0,83,49,127 ,45,4,5,
FILAFUSION,2021-02-03,fashions,B1,353,3,194,55,159,45,2,1,94,48,159 ,45,6,6,
FILAFUSION,2021-02-04,fashions,B1,461,3,270,59,191,41,5,1,133,49,207 ,45,7,5,
FILAFUSION,2021-02-05,fashions,B1,481,3,283,59,198,41,2,0,138,49,212 ,44,10,7,
FILAFUSION,2021-02-06,fashions,B1,1059,3,603,57,456,43,11,1,263,44,498 ,47,23,9,
FILAFUSION,2021-02-07,fashions,B1,591,3,327,55,264,45,3,1,154,47,260 ,44,12,8,
FILAFUSION,2021-02-08,fashions,B1,691,3,405,59,286,41,6,1,190,47,311 ,45,14,8,
FILAFUSION,2021-02-09,fashions,B1,807,3,475,59,332,41,6,1,225,47,355 ,44,18,8,
FILAFUSION,2021-02-10,fashions,B1,1136,3,672,59,464,41,9,1,312,46,511 ,45,24,8,
FILAFUSION,2021-02-11,fashions,B1,446,3,233,52,213,48,4,1,114,49,196 ,44,7,6,
FILAFUSION,2021-02-12,fashions,B1,1012,3,599,59,413,41,16,2,270,45,445 ,44,24,9,
FILAFUSION,2021-02-13,fashions,B1,1101,3,673,61,428,39,8,1,290,43,528 ,48,23,8,
FILAFUSION,2021-02-14,fashions,B1,1344,3,822,61,522,39,11,1,366,45,605 ,45,35,10,
FILAFUSION,2021-02-15,fashions,B1,1040,2,659,63,381,37,11,1,278,42,489 ,47,26,9,
FILAFUSION,2021-02-16,fashions,B1,881,2,546,62,335,38,8,1,244,45,414 ,47,18,8,
FILAFUSION,2021-02-17,fashions,B1,952,2,587,62,365,38,10,1,264,45,438 ,46,21,8,
FILAFUSION,2021-02-18,fashions,B1,457,2,278,61,179,39,3,1,137,49,201 ,44,8,6,
FILAFUSION,2021-02-19,fashions,B1,473,2,298,63,175,37,5,1,153,51,194 ,41,10,6,
FILAFUSION,2021-02-20,fashions,B1,522,2,315,60,207,40,2,0,156,50,224 ,43,11,7,
FILAFUSION,2021-02-21,fashions,B1,919,3,529,58,390,42,5,1,287,54,349 ,38,21,7,
FILAFUSION,2021-02-22,fashions,B1,417,3,228,55,189,45,6,1,113,50,175 ,42,8,7,
FILAFUSION,2021-02-23,fashions,B1,470,3,279,59,191,41,2,1,142,51,197 ,42,9,7,
FILAFUSION,2021-02-24,fashions,B1,399,3,230,58,169,42,6,1,129,56,148 ,37,7,5,
FILAFUSION,2021-02-25,fashions,B1,473,3,299,63,174,37,4,1,158,53,189 ,40,10,6,
FILAFUSION,2021-02-26,fashions,B1,615,3,371,60,244,40,6,1,188,51,271 ,44,9,5,
FILAFUSION,2021-02-27,fashions,B1,1262,3,753,60,509,40,10,1,370,49,530 ,42,29,8,
FILAFUSION,2021-02-28,fashions,B1,841,3,504,60,337,40,7,1,242,48,362 ,43,19,8,
HairCode,2021-02-01,fashions,B1,94,1,37,40,57,60,2,2,11,30,46 ,49,2,18,
HairCode,2021-02-02,fashions,B1,110,1,52,47,58,53,3,3,12,23,59 ,54,2,20,
HairCode,2021-02-03,fashions,B1,128,1,66,52,62,48,5,4,22,33,67 ,52,3,12,
HairCode,2021-02-04,fashions,B1,128,1,68,53,60,47,7,5,20,29,67 ,52,3,13,
HairCode,2021-02-05,fashions,B1,155,1,83,54,72,46,2,1,27,33,68 ,44,6,22,
HairCode,2021-02-06,fashions,B1,391,1,184,47,207,53,7,2,39,21,188 ,48,11,29,
HairCode,2021-02-07,fashions,B1,246,1,117,48,129,52,8,3,28,24,103 ,42,9,31,
HairCode,2021-02-08,fashions,B1,261,1,124,47,137,53,3,1,28,23,120 ,46,9,31,
HairCode,2021-02-09,fashions,B1,294,1,127,43,167,57,4,1,24,19,135 ,46,8,33,
HairCode,2021-02-10,fashions,B1,411,1,194,47,217,53,8,2,35,18,169 ,41,14,39,
HairCode,2021-02-11,fashions,B1,189,1,79,42,110,58,6,3,15,19,79 ,42,5,35,
HairCode,2021-02-12,fashions,B1,335,1,157,47,178,53,7,2,32,20,164 ,49,9,29,
HairCode,2021-02-13,fashions,B1,308,1,161,52,147,48,4,1,29,18,148 ,48,9,33,
HairCode,2021-02-14,fashions,B1,261,0,133,51,128,49,4,2,30,22,131 ,50,8,26,
HairCode,2021-02-15,fashions,B1,344,1,150,44,194,56,4,1,25,17,175 ,51,8,31,
HairCode,2021-02-16,fashions,B1,235,1,112,48,123,53,3,1,25,22,122 ,52,6,25,
HairCode,2021-02-17,fashions,B1,311,1,142,46,169,54,4,1,24,17,152 ,49,8,33,
HairCode,2021-02-18,fashions,B1,235,1,122,52,113,48,3,1,20,16,120 ,51,6,32,
HairCode,2021-02-19,fashions,B1,152,1,77,51,75,49,4,2,15,19,73 ,48,4,31,
HairCode,2021-02-20,fashions,B1,196,1,94,48,102,52,4,2,22,24,78 ,40,8,34,
HairCode,2021-02-21,fashions,B1,360,1,181,50,179,50,8,2,36,20,158 ,44,12,34,
HairCode,2021-02-22,fashions,B1,111,1,59,53,52,47,3,3,13,22,53 ,48,4,27,
HairCode,2021-02-23,fashions,B1,137,1,73,53,64,47,4,3,26,35,70 ,51,3,10,
HairCode,2021-02-24,fashions,B1,114,1,64,56,50,44,5,4,20,32,58 ,51,3,12,
HairCode,2021-02-25,fashions,B1,110,1,52,47,58,53,4,3,18,35,55 ,50,2,12,
HairCode,2021-02-26,fashions,B1,153,1,66,43,87,57,4,3,24,36,73 ,48,3,14,
HairCode,2021-02-27,fashions,B1,297,1,161,54,136,46,4,1,52,32,134 ,45,11,22,
HairCode,2021-02-28,fashions,B1,208,1,133,64,75,36,6,3,36,27,108 ,52,7,18,
HIMO,2021-02-01,food,B1,261,2,160,61,101,39,35,14,74,46,94 ,36,3,4,
HIMO,2021-02-02,food,B1,277,2,178,64,99,36,38,14,82,46,100 ,36,3,4,
HIMO,2021-02-03,food,B1,269,2,179,66,90,34,40,15,80,45,94 ,35,4,5,
HIMO,2021-02-04,food,B1,320,2,208,65,112,35,53,16,83,40,115 ,36,7,8,
HIMO,2021-02-05,food,B1,297,2,210,71,87,29,43,14,89,42,107 ,36,6,7,
HIMO,2021-02-06,food,B1,475,1,300,63,175,37,66,14,121,40,185 ,39,9,7,
HIMO,2021-02-07,food,B1,284,1,180,64,104,36,39,14,79,44,102 ,36,5,7,
HIMO,2021-02-08,food,B1,324,1,205,63,119,37,29,9,94,46,126 ,39,6,6,
HIMO,2021-02-09,food,B1,315,1,194,61,121,39,48,15,66,34,139 ,44,4,6,
HIMO,2021-02-10,food,B1,342,1,215,63,127,37,42,12,93,43,127 ,37,7,7,
HIMO,2021-02-11,food,B1,89,1,55,62,34,38,14,15,24,44,30 ,34,2,7,
HIMO,2021-02-12,food,B1,338,1,194,58,144,42,43,13,70,36,145 ,43,6,8,
HIMO,2021-02-13,food,B1,305,1,187,61,118,39,35,11,72,38,122 ,40,7,10,
HIMO,2021-02-14,food,B1,527,1,314,60,213,41,63,12,112,36,232 ,44,9,8,
HIMO,2021-02-15,food,B1,483,1,301,62,182,38,58,12,118,39,198 ,41,9,8,
HIMO,2021-02-16,food,B1,499,1,294,59,205,41,58,12,116,40,205 ,41,10,8,
HIMO,2021-02-17,food,B1,466,1,283,61,183,39,48,10,118,42,182 ,39,10,9,
HIMO,2021-02-18,food,B1,465,2,286,61,179,39,70,15,116,41,177 ,38,7,6,
HIMO,2021-02-19,food,B1,352,2,222,63,130,37,51,14,92,42,130 ,37,6,7,
HIMO,2021-02-20,food,B1,517,2,336,65,181,35,77,15,135,40,202 ,39,8,6,
HIMO,2021-02-21,food,B1,601,2,331,55,270,45,92,15,133,40,222 ,37,9,7,
HIMO,2021-02-22,food,B1,342,2,212,62,130,38,53,15,98,46,109 ,32,6,7,
HIMO,2021-02-23,food,B1,365,3,233,64,132,36,58,16,107,46,120 ,33,5,5,
HIMO,2021-02-24,food,B1,414,3,261,63,153,37,60,15,112,43,153 ,37,6,5,
HIMO,2021-02-25,food,B1,394,2,238,60,156,40,56,14,99,42,142 ,36,8,8,
HIMO,2021-02-26,food,B1,387,2,249,64,138,36,55,14,108,44,132 ,34,9,8,
HIMO,2021-02-27,food,B1,623,2,363,58,260,42,79,13,144,40,255 ,41,10,7,
HIMO,2021-02-28,food,B1,563,2,352,63,211,37,70,12,142,40,220 ,39,12,9,
INMIX,2021-02-01,fashions,B1,524,1,279,53,245,47,22,4,150,54,204 ,39,4,3,
INMIX,2021-02-02,fashions,B1,712,2,390,55,322,45,27,4,193,49,306 ,43,8,4,
INMIX,2021-02-03,fashions,B1,604,1,348,58,256,42,24,4,187,54,230 ,38,8,4,
INMIX,2021-02-04,fashions,B1,532,1,322,61,210,39,15,3,173,54,213 ,40,7,4,
INMIX,2021-02-05,fashions,B1,912,2,525,58,387,42,24,3,305,58,328 ,36,11,4,
INMIX,2021-02-06,fashions,B1,1764,2,883,50,881,50,74,4,478,54,635 ,36,26,5,
INMIX,2021-02-07,fashions,B1,1018,2,550,54,468,46,49,5,312,57,366 ,36,8,3,
INMIX,2021-02-08,fashions,B1,1088,2,643,59,445,41,27,2,336,52,446 ,41,14,4,
INMIX,2021-02-09,fashions,B1,1286,2,721,56,565,44,45,3,387,54,476 ,37,22,6,
INMIX,2021-02-10,fashions,B1,1534,2,833,54,701,46,52,3,446,53,598 ,39,20,4,
INMIX,2021-02-11,fashions,B1,614,2,289,47,325,53,26,4,147,51,252 ,41,6,4,
INMIX,2021-02-12,fashions,B1,2128,2,1144,54,984,46,118,6,548,48,872 ,41,29,5,
INMIX,2021-02-13,fashions,B1,2092,2,1187,57,905,43,113,5,588,50,816 ,39,34,6,
INMIX,2021-02-14,fashions,B1,2480,2,1412,57,1068,43,112,5,723,51,942 ,38,43,6,
INMIX,2021-02-15,fashions,B1,2358,2,1392,59,966,41,102,4,695,50,943 ,40,40,6,
INMIX,2021-02-16,fashions,B1,1942,2,1111,57,831,43,69,4,584,53,777 ,40,24,4,
INMIX,2021-02-17,fashions,B1,2304,2,1338,58,966,42,77,3,706,53,899 ,39,38,5,
INMIX,2021-02-18,fashions,B1,872,1,507,58,365,42,21,2,278,55,323 ,37,16,6,
INMIX,2021-02-19,fashions,B1,836,1,500,60,336,40,22,3,261,52,343 ,41,12,4,
INMIX,2021-02-20,fashions,B1,1338,2,707,53,631,47,77,6,370,52,495 ,37,18,5,
INMIX,2021-02-21,fashions,B1,1844,2,1049,57,795,43,56,3,561,53,701 ,38,34,6,
INMIX,2021-02-22,fashions,B1,800,2,450,56,350,44,14,2,256,57,288 ,36,13,5,
INMIX,2021-02-23,fashions,B1,676,1,398,59,278,41,25,4,225,57,243 ,36,9,4,
INMIX,2021-02-24,fashions,B1,620,1,348,56,272,44,14,2,196,56,229 ,37,9,4,
INMIX,2021-02-25,fashions,B1,624,1,372,60,252,40,15,2,200,54,250 ,40,8,4,
INMIX,2021-02-26,fashions,B1,890,2,525,59,365,41,28,3,274,52,356 ,40,13,5,
INMIX,2021-02-27,fashions,B1,2650,2,1535,58,1115,42,90,3,773,50,1087 ,41,43,6,
INMIX,2021-02-28,fashions,B1,1112,1,582,52,530,48,41,4,296,51,456 ,41,14,5,
JINS,2021-02-01,fashions,B1,290,3,168,58,122,42,11,4,70,41,139 ,48,5,7,
JINS,2021-02-02,fashions,B1,451,5,291,64,160,36,13,3,106,36,235 ,52,9,8,
JINS,2021-02-03,fashions,B1,367,4,225,61,142,39,15,4,78,35,198 ,54,6,7,
JINS,2021-02-04,fashions,B1,373,4,235,63,138,37,17,4,86,37,187 ,50,8,9,
JINS,2021-02-05,fashions,B1,470,4,278,59,192,41,18,4,99,35,240 ,51,9,9,
JINS,2021-02-06,fashions,B1,917,4,577,63,340,37,24,3,222,38,431 ,47,27,12,
JINS,2021-02-07,fashions,B1,500,4,308,62,192,38,17,3,119,39,240 ,48,12,10,
JINS,2021-02-08,fashions,B1,668,5,418,63,250,37,27,4,153,37,327 ,49,15,10,
JINS,2021-02-09,fashions,B1,565,3,342,61,223,39,13,2,136,40,271 ,48,13,10,
JINS,2021-02-10,fashions,B1,670,3,408,61,262,39,25,4,166,41,295 ,44,19,11,
JINS,2021-02-11,fashions,B1,250,3,157,63,93,37,12,5,59,37,123 ,49,5,9,
JINS,2021-02-12,fashions,B1,888,4,550,62,338,38,29,3,196,36,408 ,46,29,15,
JINS,2021-02-13,fashions,B1,1009,4,641,64,368,36,27,3,247,39,444 ,44,37,15,
JINS,2021-02-14,fashions,B1,1144,3,717,63,427,37,30,3,272,38,480 ,42,46,17,
JINS,2021-02-15,fashions,B1,1162,4,762,66,400,34,24,2,278,37,535 ,46,43,15,
JINS,2021-02-16,fashions,B1,942,4,620,66,322,34,20,2,236,38,462 ,49,26,11,
JINS,2021-02-17,fashions,B1,1042,4,698,67,344,33,23,2,251,36,500 ,48,34,14,
JINS,2021-02-18,fashions,B1,411,3,270,66,141,34,17,4,105,39,210 ,51,7,7,
JINS,2021-02-19,fashions,B1,373,3,232,62,141,38,6,2,97,42,183 ,49,8,8,
JINS,2021-02-20,fashions,B1,589,4,374,63,215,37,21,3,154,41,271 ,46,15,10,
JINS,2021-02-21,fashions,B1,890,4,542,61,348,39,26,3,235,43,356 ,40,31,13,
JINS,2021-02-22,fashions,B1,391,4,241,62,150,38,13,3,103,43,180 ,46,8,8,
JINS,2021-02-23,fashions,B1,346,3,219,63,127,37,10,3,85,39,176 ,51,6,8,
JINS,2021-02-24,fashions,B1,345,3,217,63,128,37,9,2,88,40,169 ,49,7,8,
JINS,2021-02-25,fashions,B1,299,3,192,64,107,36,15,5,81,42,138 ,46,5,7,
JINS,2021-02-26,fashions,B1,359,3,239,67,120,33,12,3,101,42,165 ,46,9,9,
JINS,2021-02-27,fashions,B1,952,3,619,65,333,35,24,2,267,43,409 ,43,31,11,
JINS,2021-02-28,fashions,B1,592,3,341,58,251,42,14,2,137,40,278 ,47,15,11,
KTWorld,2021-02-01,fashions,B1,256,2,69,27,187,73,8,3,25,36,146 ,57,1,4,
KTWorld,2021-02-02,fashions,B1,274,2,84,31,190,69,7,2,29,35,164 ,60,1,3,
KTWorld,2021-02-03,fashions,B1,286,2,89,31,197,69,5,2,35,40,160 ,56,1,2,
KTWorld,2021-02-04,fashions,B1,432,2,133,31,299,69,15,3,52,39,238 ,55,1,3,
KTWorld,2021-02-05,fashions,B1,407,2,125,31,282,69,16,4,46,37,228 ,56,1,3,
KTWorld,2021-02-06,fashions,B1,753,2,229,30,524,70,21,3,84,36,429 ,57,3,4,
KTWorld,2021-02-07,fashions,B1,578,2,197,34,381,66,21,4,78,40,306 ,53,3,4,
KTWorld,2021-02-08,fashions,B1,606,2,200,33,406,67,23,4,69,34,351 ,58,2,3,
KTWorld,2021-02-09,fashions,B1,659,3,216,33,443,67,18,3,78,36,382 ,58,2,3,
KTWorld,2021-02-10,fashions,B1,689,2,205,30,484,70,28,4,70,34,407 ,59,2,3,
KTWorld,2021-02-11,fashions,B1,489,4,158,32,331,68,16,3,56,35,284 ,58,2,3,
KTWorld,2021-02-12,fashions,B1,1126,3,410,36,716,64,29,3,125,30,709 ,63,6,4,
KTWorld,2021-02-13,fashions,B1,1080,2,398,37,682,63,19,2,124,31,691 ,64,4,3,
KTWorld,2021-02-14,fashions,B1,1327,3,469,35,858,65,28,2,138,30,849 ,64,6,5,
KTWorld,2021-02-15,fashions,B1,1139,2,405,36,734,64,25,2,121,30,729 ,64,4,4,
KTWorld,2021-02-16,fashions,B1,1120,3,387,35,733,65,25,2,125,32,694 ,62,5,4,
KTWorld,2021-02-17,fashions,B1,1114,3,389,35,725,65,26,2,119,31,713 ,64,3,3,
KTWorld,2021-02-18,fashions,B1,1047,4,344,33,703,67,30,3,123,36,607 ,58,5,4,
KTWorld,2021-02-19,fashions,B1,741,3,252,34,489,66,33,5,87,35,415 ,56,4,5,
KTWorld,2021-02-20,fashions,B1,922,3,299,32,623,68,31,3,107,36,516 ,56,5,5,
KTWorld,2021-02-21,fashions,B1,1242,3,402,32,840,68,27,2,145,36,708 ,57,6,4,
KTWorld,2021-02-22,fashions,B1,511,3,171,33,340,67,14,3,75,44,261 ,51,2,3,
KTWorld,2021-02-23,fashions,B1,640,3,197,31,443,69,21,3,74,38,352 ,55,3,4,
KTWorld,2021-02-24,fashions,B1,602,3,208,35,394,65,15,2,77,37,349 ,58,2,3,
KTWorld,2021-02-25,fashions,B1,588,3,185,31,403,69,24,4,72,39,318 ,54,2,3,
KTWorld,2021-02-26,fashions,B1,655,3,233,36,422,64,13,2,90,38,367 ,56,4,4,
KTWorld,2021-02-27,fashions,B1,1308,3,459,35,849,65,29,2,156,34,785 ,60,7,4,
KTWorld,2021-02-28,fashions,B1,1059,3,355,33,704,67,26,2,127,36,604 ,57,5,4,
Miniso,2021-02-01,kids_babies,B1,969,8,755,78,214,22,60,6,405,54,359 ,37,14,3,
Miniso,2021-02-02,kids_babies,B1,823,6,647,79,176,21,58,7,341,53,305 ,37,11,3,
Miniso,2021-02-03,kids_babies,B1,854,7,671,79,183,21,57,7,355,53,307 ,36,15,4,
Miniso,2021-02-04,kids_babies,B1,1028,7,815,79,213,21,81,8,449,55,339 ,33,17,4,
Miniso,2021-02-05,kids_babies,B1,1021,6,803,79,218,21,84,8,438,55,327 ,32,24,6,
Miniso,2021-02-06,kids_babies,B1,1726,5,1292,75,434,25,149,9,639,49,604 ,35,42,7,
Miniso,2021-02-07,kids_babies,B1,1332,7,1046,79,286,22,106,8,562,54,453 ,34,25,5,
Miniso,2021-02-08,kids_babies,B1,1348,6,1040,77,308,23,98,7,552,53,472 ,35,29,5,
Miniso,2021-02-09,kids_babies,B1,1467,6,1143,78,324,22,120,8,583,51,513 ,35,35,6,
Miniso,2021-02-10,kids_babies,B1,1605,5,1232,77,373,23,123,8,624,51,562 ,35,40,6,
Miniso,2021-02-11,kids_babies,B1,705,6,524,74,181,26,68,10,267,51,240 ,34,14,5,
Miniso,2021-02-12,kids_babies,B1,2020,6,1522,75,498,25,186,9,678,45,768 ,38,53,8,
Miniso,2021-02-13,kids_babies,B1,2031,5,1519,75,512,25,178,9,698,46,751 ,37,57,8,
Miniso,2021-02-14,kids_babies,B1,2365,5,1731,73,634,27,206,9,774,45,899 ,38,67,9,
Miniso,2021-02-15,kids_babies,B1,2176,5,1644,76,532,24,155,7,790,48,805 ,37,62,8,
Miniso,2021-02-16,kids_babies,B1,1834,5,1352,74,482,26,146,8,627,46,715 ,39,39,6,
Miniso,2021-02-17,kids_babies,B1,1860,5,1426,77,434,23,132,7,697,49,707 ,38,44,6,
Miniso,2021-02-18,kids_babies,B1,1277,6,1002,78,275,22,91,7,536,53,460 ,36,21,4,
Miniso,2021-02-19,kids_babies,B1,1275,7,996,78,279,22,107,8,563,57,383 ,30,26,5,
Miniso,2021-02-20,kids_babies,B1,1391,6,1071,77,320,23,123,9,587,55,445 ,32,26,4,
Miniso,2021-02-21,kids_babies,B1,1759,6,1283,73,476,27,157,9,674,53,580 ,33,39,6,
Miniso,2021-02-22,kids_babies,B1,1125,8,866,77,259,23,101,9,505,58,326 ,29,20,4,
Miniso,2021-02-23,kids_babies,B1,1066,7,838,79,228,21,74,7,462,55,352 ,33,22,5,
Miniso,2021-02-24,kids_babies,B1,1012,6,807,80,205,20,65,6,456,56,334 ,33,19,4,
Miniso,2021-02-25,kids_babies,B1,1082,7,853,79,229,21,77,7,470,55,357 ,33,20,4,
Miniso,2021-02-26,kids_babies,B1,1232,6,982,80,250,20,98,8,531,54,407 ,33,26,5,
Miniso,2021-02-27,kids_babies,B1,1928,5,1474,76,454,24,121,6,763,52,694 ,36,49,6,
Miniso,2021-02-28,kids_babies,B1,1556,6,1162,75,394,25,109,7,583,50,591 ,38,30,5,
PERFECTDIARY,2021-02-01,kids_babies,B1,1928,4,1444,75,484,25,80,4,722,50,790 ,41,32,4,
PERFECTDIARY,2021-02-02,kids_babies,B1,2364,4,1770,75,594,25,107,5,862,49,1017 ,43,33,4,
PERFECTDIARY,2021-02-03,kids_babies,B1,2334,4,1783,76,551,24,111,5,856,48,980 ,42,41,5,
PERFECTDIARY,2021-02-04,kids_babies,B1,2662,4,2090,79,572,21,124,5,1011,48,1118 ,42,55,5,
PERFECTDIARY,2021-02-05,kids_babies,B1,2984,4,2336,78,648,22,142,5,1214,52,1134 ,38,67,6,
PERFECTDIARY,2021-02-06,kids_babies,B1,5346,4,3934,74,1412,26,203,4,2119,54,1925 ,36,138,7,
PERFECTDIARY,2021-02-07,kids_babies,B1,3266,4,2453,75,813,25,165,5,1248,51,1274 ,39,57,5,
PERFECTDIARY,2021-02-08,kids_babies,B1,4138,5,3140,76,998,24,160,4,1589,51,1655 ,40,91,6,
PERFECTDIARY,2021-02-09,kids_babies,B1,4502,5,3440,76,1062,24,187,4,1797,52,1666 ,37,110,6,
PERFECTDIARY,2021-02-10,kids_babies,B1,5318,5,3866,73,1452,27,228,4,1991,52,2021 ,38,131,7,
PERFECTDIARY,2021-02-11,kids_babies,B1,1962,4,1393,71,569,29,141,7,692,50,746 ,38,37,5,
PERFECTDIARY,2021-02-12,kids_babies,B1,5344,4,3796,71,1548,29,271,5,1977,52,1870 ,35,160,8,
PERFECTDIARY,2021-02-13,kids_babies,B1,6044,4,4248,70,1796,30,283,5,2155,51,2236 ,37,160,7,
PERFECTDIARY,2021-02-14,kids_babies,B1,7878,5,5413,69,2465,31,335,4,2825,52,2757 ,35,245,9,
PERFECTDIARY,2021-02-15,kids_babies,B1,6836,4,4946,72,1890,28,337,5,2568,52,2393 ,35,212,8,
PERFECTDIARY,2021-02-16,kids_babies,B1,5578,4,4095,73,1483,27,253,5,2102,51,2064 ,37,140,7,
PERFECTDIARY,2021-02-17,kids_babies,B1,5832,4,4313,74,1519,26,262,5,2201,51,2158 ,37,155,7,
PERFECTDIARY,2021-02-18,kids_babies,B1,3864,5,2899,75,965,25,187,5,1491,51,1468 ,38,83,6,
PERFECTDIARY,2021-02-19,kids_babies,B1,3594,5,2695,75,899,25,197,5,1385,51,1366 ,38,75,5,
PERFECTDIARY,2021-02-20,kids_babies,B1,3940,5,2981,76,959,24,211,5,1588,53,1340 ,34,110,7,
PERFECTDIARY,2021-02-21,kids_babies,B1,5068,4,3579,71,1489,29,268,5,2014,56,1571 ,31,143,7,
PERFECTDIARY,2021-02-22,kids_babies,B1,2796,5,2106,75,690,25,181,6,1110,53,979 ,35,64,6,
PERFECTDIARY,2021-02-23,kids_babies,B1,2614,5,1976,76,638,24,161,6,994,50,967 ,37,61,6,
PERFECTDIARY,2021-02-24,kids_babies,B1,2638,4,1982,75,656,25,145,6,1006,51,1002 ,38,60,6,
PERFECTDIARY,2021-02-25,kids_babies,B1,2768,5,2103,76,665,24,131,5,1086,52,1024 ,37,69,6,
PERFECTDIARY,2021-02-26,kids_babies,B1,3262,4,2409,74,853,26,151,5,1191,49,1272 ,39,81,7,
PERFECTDIARY,2021-02-27,kids_babies,B1,5922,4,4274,72,1648,28,224,4,2318,54,1954 ,33,197,8,
PERFECTDIARY,2021-02-28,kids_babies,B1,4376,4,3081,70,1295,30,165,4,1626,53,1619 ,37,106,6,
CiciBeauty,2021-02-01,fashions,B2,11,0,4,38,7,62,0,0,2,38,6 ,57,0,5,
CiciBeauty,2021-02-02,fashions,B2,7,0,3,38,4,63,0,0,1,56,3 ,44,0,0,
CiciBeauty,2021-02-03,fashions,B2,12,0,6,46,6,54,1,11,2,36,6 ,46,0,7,
CiciBeauty,2021-02-04,fashions,B2,16,0,6,38,10,62,0,0,3,54,7 ,42,0,4,
CiciBeauty,2021-02-05,fashions,B2,7,0,3,43,4,57,0,0,1,36,4 ,64,0,0,
CiciBeauty,2021-02-06,fashions,B2,10,0,3,29,7,71,0,0,2,76,2 ,18,0,6,
CiciBeauty,2021-02-07,fashions,B2,5,0,1,23,4,77,0,0,1,62,2 ,38,0,0,
CiciBeauty,2021-02-08,fashions,B2,8,0,4,55,4,45,0,0,3,73,2 ,27,0,0,
CiciBeauty,2021-02-09,fashions,B2,10,0,2,18,8,82,1,6,1,41,5 ,53,0,0,
CiciBeauty,2021-02-10,fashions,B2,21,0,5,24,16,76,1,3,2,45,11 ,52,0,0,
CiciBeauty,2021-02-11,fashions,B2,8,0,2,26,6,74,0,5,1,58,3 ,37,0,0,
CiciBeauty,2021-02-12,fashions,B2,9,0,2,19,7,81,1,6,1,63,2 ,25,0,6,
CiciBeauty,2021-02-13,fashions,B2,14,0,5,39,9,61,1,4,2,43,6 ,46,0,7,
CiciBeauty,2021-02-14,fashions,B2,12,0,5,41,7,59,1,5,3,55,4 ,32,0,9,
CiciBeauty,2021-02-15,fashions,B2,2,0,2,75,0,25,0,0,0,0,2 ,100,0,0,
CiciBeauty,2021-02-16,fashions,B2,8,0,2,19,6,81,1,6,1,50,4 ,44,0,0,
CiciBeauty,2021-02-17,fashions,B2,5,0,2,38,3,63,0,0,0,25,4 ,75,0,0,
CiciBeauty,2021-02-18,fashions,B2,4,0,2,40,2,60,0,0,0,0,4 ,100,0,0,
CiciBeauty,2021-02-19,fashions,B2,10,0,4,43,6,57,0,5,2,38,6 ,57,0,0,
CiciBeauty,2021-02-20,fashions,B2,17,0,4,26,13,74,1,4,2,41,10 ,56,0,0,
CiciBeauty,2021-02-21,fashions,B2,13,0,2,13,11,87,0,3,1,68,3 ,26,0,3,
CiciBeauty,2021-02-22,fashions,B2,12,0,3,24,9,76,1,5,2,57,4 ,33,0,5,
CiciBeauty,2021-02-23,fashions,B2,24,0,8,33,16,68,0,0,4,58,10 ,43,0,0,
CiciBeauty,2021-02-24,fashions,B2,7,0,1,18,6,82,0,0,1,47,4 ,53,0,0,
CiciBeauty,2021-02-25,fashions,B2,11,0,4,38,7,63,0,4,1,33,6 ,54,0,8,
CiciBeauty,2021-02-26,fashions,B2,14,0,4,30,10,70,0,3,3,63,4 ,30,0,3,
CiciBeauty,2021-02-27,fashions,B2,4,0,1,36,3,64,0,0,1,36,2 ,55,0,9,
CiciBeauty,2021-02-28,fashions,B2,27,0,10,37,17,63,1,5,6,56,11 ,39,0,0,
DJI,2021-02-01,consumer_electronics,B2,26,0,5,20,21,80,1,2,2,33,15 ,58,0,7,
DJI,2021-02-02,consumer_electronics,B2,14,0,5,33,9,67,1,10,2,52,5 ,38,0,0,
DJI,2021-02-03,consumer_electronics,B2,27,0,5,18,22,82,0,0,2,37,16 ,61,0,2,
DJI,2021-02-04,consumer_electronics,B2,26,0,6,24,20,76,0,0,2,37,15 ,57,0,7,
DJI,2021-02-05,consumer_electronics,B2,39,0,8,21,31,79,0,0,2,31,25 ,63,0,6,
DJI,2021-02-06,consumer_electronics,B2,192,1,47,25,145,75,6,3,16,33,109 ,57,1,7,
DJI,2021-02-07,consumer_electronics,B2,31,0,10,32,21,68,1,4,4,42,16 ,51,0,4,
DJI,2021-02-08,consumer_electronics,B2,45,0,19,41,26,59,1,1,7,40,24 ,53,0,6,
DJI,2021-02-09,consumer_electronics,B2,47,0,14,30,33,70,1,2,5,32,26 ,56,0,9,
DJI,2021-02-10,consumer_electronics,B2,95,0,28,30,67,70,5,5,8,29,55 ,58,1,8,
DJI,2021-02-11,consumer_electronics,B2,16,0,6,36,10,64,0,0,3,48,8 ,48,0,3,
DJI,2021-02-12,consumer_electronics,B2,199,1,53,27,146,73,7,4,16,30,121 ,61,1,5,
DJI,2021-02-13,consumer_electronics,B2,185,1,51,28,134,72,6,4,17,32,109 ,59,1,5,
DJI,2021-02-14,consumer_electronics,B2,351,1,108,31,243,69,12,4,30,28,214 ,61,2,8,
DJI,2021-02-15,consumer_electronics,B2,212,1,70,33,142,67,4,2,23,32,125 ,59,2,8,
DJI,2021-02-16,consumer_electronics,B2,93,0,32,35,61,65,4,4,10,30,55 ,59,1,7,
DJI,2021-02-17,consumer_electronics,B2,102,0,36,35,66,65,3,3,11,31,59 ,58,1,8,
DJI,2021-02-18,consumer_electronics,B2,35,0,10,29,25,71,2,4,3,29,22 ,64,0,3,
DJI,2021-02-19,consumer_electronics,B2,59,0,17,29,42,71,1,2,7,42,30 ,51,0,5,
DJI,2021-02-20,consumer_electronics,B2,72,0,22,31,50,69,2,3,8,38,38 ,53,0,5,
DJI,2021-02-21,consumer_electronics,B2,104,0,32,31,72,69,4,4,11,34,56 ,54,1,9,
DJI,2021-02-22,consumer_electronics,B2,21,0,2,11,19,89,0,2,0,20,15 ,71,0,7,
DJI,2021-02-23,consumer_electronics,B2,22,0,8,37,14,63,0,0,3,41,13 ,59,0,0,
DJI,2021-02-24,consumer_electronics,B2,37,0,10,27,27,73,2,5,3,35,21 ,56,0,4,
DJI,2021-02-25,consumer_electronics,B2,59,0,16,27,43,73,3,6,4,28,38 ,65,0,1,
DJI,2021-02-26,consumer_electronics,B2,54,0,14,27,40,73,1,1,5,33,29 ,53,1,12,
DJI,2021-02-27,consumer_electronics,B2,251,1,69,27,182,73,7,3,22,32,153 ,61,1,4,
DJI,2021-02-28,consumer_electronics,B2,154,1,43,28,111,72,5,3,12,27,99 ,64,1,6,
HUAWEI,2021-02-01,kids_babies,B2,438,4,196,45,242,55,8,2,94,48,201 ,46,4,4,
HUAWEI,2021-02-02,kids_babies,B2,423,4,197,47,226,53,9,2,92,47,195 ,46,5,5,
HUAWEI,2021-02-03,kids_babies,B2,531,5,222,42,309,58,10,2,112,51,239 ,45,3,3,
HUAWEI,2021-02-04,kids_babies,B2,537,4,241,45,296,55,8,2,120,50,242 ,45,4,3,
HUAWEI,2021-02-05,kids_babies,B2,603,4,294,49,309,51,12,2,155,53,247 ,41,7,5,
HUAWEI,2021-02-06,kids_babies,B2,1220,5,575,47,645,53,25,2,302,53,500 ,41,14,5,
HUAWEI,2021-02-07,kids_babies,B2,779,5,374,48,405,52,19,2,196,52,319 ,41,7,4,
HUAWEI,2021-02-08,kids_babies,B2,758,4,358,47,400,53,16,2,187,52,311 ,41,8,4,
HUAWEI,2021-02-09,kids_babies,B2,807,4,389,48,418,52,22,3,201,52,339 ,42,7,4,
HUAWEI,2021-02-10,kids_babies,B2,1032,4,505,49,527,51,22,2,263,52,433 ,42,11,4,
HUAWEI,2021-02-11,kids_babies,B2,425,5,184,43,241,57,21,5,87,47,187 ,44,3,4,
HUAWEI,2021-02-12,kids_babies,B2,1075,5,546,51,529,49,35,3,272,50,462 ,43,12,4,
HUAWEI,2021-02-13,kids_babies,B2,1088,4,542,50,546,50,27,2,268,49,468 ,43,12,5,
HUAWEI,2021-02-14,kids_babies,B2,1385,4,726,52,659,48,29,2,362,50,596 ,43,18,5,
HUAWEI,2021-02-15,kids_babies,B2,1205,4,604,50,601,50,27,2,297,49,518 ,43,17,6,
HUAWEI,2021-02-16,kids_babies,B2,1056,4,517,49,539,51,23,2,250,48,486 ,46,10,4,
HUAWEI,2021-02-17,kids_babies,B2,1056,4,510,48,546,52,24,2,254,50,465 ,44,10,4,
HUAWEI,2021-02-18,kids_babies,B2,661,4,318,48,343,52,19,3,162,51,278 ,42,6,4,
HUAWEI,2021-02-19,kids_babies,B2,628,4,295,47,333,53,18,3,156,53,257 ,41,6,4,
HUAWEI,2021-02-20,kids_babies,B2,736,4,359,49,377,51,21,3,192,54,287 ,39,8,4,
HUAWEI,2021-02-21,kids_babies,B2,1057,4,495,47,562,53,32,3,271,55,391 ,37,13,5,
HUAWEI,2021-02-22,kids_babies,B2,431,3,187,43,244,57,9,2,97,52,177 ,41,5,5,
HUAWEI,2021-02-23,kids_babies,B2,514,4,221,43,293,57,16,3,120,54,200 ,39,4,4,
HUAWEI,2021-02-24,kids_babies,B2,556,4,246,44,310,56,14,3,128,52,228 ,41,5,4,
HUAWEI,2021-02-25,kids_babies,B2,531,4,237,45,294,55,15,3,126,53,207 ,39,6,5,
HUAWEI,2021-02-26,kids_babies,B2,626,4,284,45,342,55,16,3,145,51,269 ,43,5,3,
HUAWEI,2021-02-27,kids_babies,B2,1323,4,648,49,675,51,34,3,336,52,542 ,41,15,5,
HUAWEI,2021-02-28,kids_babies,B2,932,4,424,45,508,55,30,3,218,51,382 ,41,11,5,
JIMI,2021-02-01,kids_babies,B2,52,0,15,29,37,71,0,0,4,27,34 ,66,0,7,
JIMI,2021-02-02,kids_babies,B2,55,0,13,24,42,76,0,0,3,24,35 ,63,0,14,
JIMI,2021-02-03,kids_babies,B2,69,0,18,26,51,74,2,2,5,28,45 ,65,0,5,
JIMI,2021-02-04,kids_babies,B2,77,0,22,29,55,71,1,1,5,24,49 ,63,1,12,
JIMI,2021-02-05,kids_babies,B2,148,1,31,21,117,79,2,1,6,21,105 ,71,0,7,
JIMI,2021-02-06,kids_babies,B2,223,1,56,25,167,75,3,2,18,32,129 ,58,2,9,
JIMI,2021-02-07,kids_babies,B2,162,1,44,27,118,73,1,1,12,28,99 ,61,1,10,
JIMI,2021-02-08,kids_babies,B2,71,0,24,33,47,67,1,2,7,30,42 ,59,1,9,
JIMI,2021-02-09,kids_babies,B2,105,0,26,25,79,75,0,0,7,26,67 ,64,1,10,
JIMI,2021-02-10,kids_babies,B2,197,1,36,18,161,82,5,3,10,27,116 ,59,1,12,
JIMI,2021-02-11,kids_babies,B2,80,1,22,27,58,73,1,1,6,27,49 ,61,1,11,
JIMI,2021-02-12,kids_babies,B2,285,1,64,22,221,78,5,2,19,30,165 ,58,2,11,
JIMI,2021-02-13,kids_babies,B2,375,1,92,25,283,75,6,2,25,27,233 ,62,2,9,
JIMI,2021-02-14,kids_babies,B2,345,1,99,29,246,71,4,1,28,29,207 ,60,3,10,
JIMI,2021-02-15,kids_babies,B2,193,0,74,38,119,62,4,2,21,29,108 ,56,3,13,
JIMI,2021-02-16,kids_babies,B2,129,0,38,29,91,71,3,3,12,32,77 ,60,1,6,
JIMI,2021-02-17,kids_babies,B2,288,1,74,26,214,74,6,2,22,29,164 ,57,3,12,
JIMI,2021-02-18,kids_babies,B2,232,1,57,25,175,75,2,1,11,19,160 ,69,1,11,
JIMI,2021-02-19,kids_babies,B2,278,1,58,21,220,79,3,1,16,27,189 ,68,1,4,
JIMI,2021-02-20,kids_babies,B2,124,0,36,29,88,71,2,2,12,35,66 ,53,1,10,
JIMI,2021-02-21,kids_babies,B2,199,1,61,31,138,70,3,1,19,31,113 ,57,2,11,
JIMI,2021-02-22,kids_babies,B2,77,0,17,22,60,78,1,2,5,27,51 ,66,0,6,
JIMI,2021-02-23,kids_babies,B2,51,0,19,37,32,63,1,2,6,33,31 ,60,0,5,
JIMI,2021-02-24,kids_babies,B2,65,0,18,27,47,73,1,1,5,31,39 ,60,0,8,
JIMI,2021-02-25,kids_babies,B2,127,1,45,36,82,64,2,1,13,29,80 ,63,1,7,
JIMI,2021-02-26,kids_babies,B2,58,0,23,39,35,61,2,3,7,33,31 ,54,1,11,
JIMI,2021-02-27,kids_babies,B2,260,1,85,33,175,67,6,2,27,31,156 ,60,2,6,
JIMI,2021-02-28,kids_babies,B2,138,0,43,31,95,69,2,2,14,34,81 ,59,1,6,
JujiaoNailBeauty,2021-02-01,kids_babies,B2,45,0,24,53,21,47,1,1,8,33,27 ,59,0,6,
JujiaoNailBeauty,2021-02-02,kids_babies,B2,72,0,34,48,38,52,0,0,18,52,34 ,47,0,1,
JujiaoNailBeauty,2021-02-03,kids_babies,B2,69,0,33,48,36,52,0,0,16,48,35 ,51,0,1,
JujiaoNailBeauty,2021-02-04,kids_babies,B2,98,1,48,49,50,51,2,2,19,40,55 ,56,0,2,
JujiaoNailBeauty,2021-02-05,kids_babies,B2,96,0,39,41,57,59,3,3,14,37,54 ,56,1,5,
JujiaoNailBeauty,2021-02-06,kids_babies,B2,147,0,69,47,78,53,3,2,27,40,82 ,56,1,3,
JujiaoNailBeauty,2021-02-07,kids_babies,B2,91,0,37,41,54,59,1,1,16,43,48 ,53,0,2,
JujiaoNailBeauty,2021-02-08,kids_babies,B2,112,0,69,62,43,38,1,0,28,41,59 ,53,2,6,
JujiaoNailBeauty,2021-02-09,kids_babies,B2,131,1,72,55,59,45,2,2,26,36,80 ,61,0,1,
JujiaoNailBeauty,2021-02-10,kids_babies,B2,151,1,81,54,70,46,1,0,33,41,83 ,55,1,4,
JujiaoNailBeauty,2021-02-11,kids_babies,B2,69,1,39,57,30,43,1,1,13,33,42 ,61,1,5,
JujiaoNailBeauty,2021-02-12,kids_babies,B2,110,0,58,52,52,48,2,2,18,32,67 ,61,1,5,
JujiaoNailBeauty,2021-02-13,kids_babies,B2,130,0,52,40,78,60,4,3,21,40,68 ,52,1,6,
JujiaoNailBeauty,2021-02-14,kids_babies,B2,121,0,60,50,61,50,1,1,20,34,74 ,61,1,4,
JujiaoNailBeauty,2021-02-15,kids_babies,B2,109,0,55,51,54,50,2,2,21,39,61 ,56,1,4,
JujiaoNailBeauty,2021-02-16,kids_babies,B2,103,0,61,59,42,41,0,0,24,39,59 ,57,1,4,
JujiaoNailBeauty,2021-02-17,kids_babies,B2,95,0,52,55,43,45,2,2,17,33,60 ,63,0,2,
JujiaoNailBeauty,2021-02-18,kids_babies,B2,67,0,38,56,29,44,2,4,12,33,40 ,60,0,4,
JujiaoNailBeauty,2021-02-19,kids_babies,B2,54,0,30,55,24,45,0,0,15,50,27 ,50,0,1,
JujiaoNailBeauty,2021-02-20,kids_babies,B2,86,0,44,52,42,48,3,4,19,44,44 ,51,0,1,
JujiaoNailBeauty,2021-02-21,kids_babies,B2,98,0,40,40,58,60,2,2,13,34,60 ,61,0,3,
JujiaoNailBeauty,2021-02-22,kids_babies,B2,68,0,34,50,34,50,3,4,12,35,40 ,59,0,2,
JujiaoNailBeauty,2021-02-23,kids_babies,B2,55,0,28,51,27,49,1,1,14,51,23 ,41,1,7,
JujiaoNailBeauty,2021-02-24,kids_babies,B2,59,0,33,57,26,43,1,1,10,31,35 ,60,1,8,
JujiaoNailBeauty,2021-02-25,kids_babies,B2,79,0,43,54,36,46,1,1,17,39,44 ,56,1,4,
JujiaoNailBeauty,2021-02-26,kids_babies,B2,62,0,24,39,38,61,1,1,10,42,33 ,54,0,3,
JujiaoNailBeauty,2021-02-27,kids_babies,B2,93,0,47,50,46,50,1,1,20,43,49 ,53,1,3,
JujiaoNailBeauty,2021-02-28,kids_babies,B2,59,0,32,54,27,46,2,3,13,42,30 ,50,1,5,
KKV,2021-02-01,fashions,B2,320,3,185,58,135,42,4,1,54,29,208 ,65,2,4,
KKV,2021-02-02,fashions,B2,304,2,174,57,130,43,4,1,49,28,204 ,67,2,3,
KKV,2021-02-03,fashions,B2,309,2,185,60,124,40,5,1,52,28,204 ,66,2,5,
KKV,2021-02-04,fashions,B2,363,3,220,60,143,40,5,1,63,28,236 ,65,3,5,
KKV,2021-02-05,fashions,B2,386,2,229,59,157,41,6,1,69,30,247 ,64,3,5,
KKV,2021-02-06,fashions,B2,671,2,410,61,261,39,14,2,112,27,416 ,62,9,8,
KKV,2021-02-07,fashions,B2,473,3,286,60,187,40,8,2,82,29,303 ,64,4,6,
KKV,2021-02-08,fashions,B2,488,3,300,61,188,39,15,3,89,30,303 ,62,5,6,
KKV,2021-02-09,fashions,B2,572,2,355,62,217,38,14,2,94,27,360 ,63,7,8,
KKV,2021-02-10,fashions,B2,731,3,445,61,286,39,17,2,121,27,461 ,63,9,8,
KKV,2021-02-11,fashions,B2,301,3,166,55,135,45,7,2,41,25,202 ,67,3,6,
KKV,2021-02-12,fashions,B2,780,3,474,61,306,39,15,2,120,25,491 ,63,11,10,
KKV,2021-02-13,fashions,B2,863,3,526,61,337,39,27,3,129,25,544 ,63,12,9,
KKV,2021-02-14,fashions,B2,1003,2,648,65,355,35,19,2,153,24,642 ,64,17,11,
KKV,2021-02-15,fashions,B2,953,2,607,64,346,36,21,2,145,24,610 ,64,15,10,
KKV,2021-02-16,fashions,B2,739,2,463,63,276,37,17,2,113,24,480 ,65,9,8,
KKV,2021-02-17,fashions,B2,822,3,502,61,320,39,14,2,123,24,534 ,65,11,9,
KKV,2021-02-18,fashions,B2,521,3,312,60,209,40,6,1,81,26,349 ,67,5,6,
KKV,2021-02-19,fashions,B2,548,3,325,59,223,41,11,2,87,27,356 ,65,5,6,
KKV,2021-02-20,fashions,B2,493,2,286,58,207,42,10,2,75,26,316 ,64,5,7,
KKV,2021-02-21,fashions,B2,644,2,380,59,264,41,11,2,105,28,399 ,62,9,9,
KKV,2021-02-22,fashions,B2,370,3,218,59,152,41,9,3,68,31,226 ,61,4,5,
KKV,2021-02-23,fashions,B2,437,3,250,57,187,43,7,2,64,26,297 ,68,3,5,
KKV,2021-02-24,fashions,B2,388,2,228,59,160,41,9,2,59,26,256 ,66,3,6,
KKV,2021-02-25,fashions,B2,455,3,275,61,180,39,10,2,72,26,300 ,66,4,5,
KKV,2021-02-26,fashions,B2,540,3,326,60,214,40,10,2,95,29,340 ,63,6,6,
KKV,2021-02-27,fashions,B2,829,2,525,63,304,37,19,2,136,26,531 ,64,11,8,
KKV,2021-02-28,fashions,B2,668,3,394,59,274,41,14,2,103,26,421 ,63,9,9,
AAPE,2021-02-01,accessories,L1,179,5,49,27,130,73,2,1,32,66,50 ,28,2,5,
AAPE,2021-02-02,accessories,L1,187,4,57,30,130,70,3,2,37,64,52 ,28,2,6,
AAPE,2021-02-03,accessories,L1,210,5,67,32,143,68,3,2,42,63,63 ,30,2,5,
AAPE,2021-02-04,accessories,L1,210,5,64,31,146,69,2,1,43,67,57 ,27,2,6,
AAPE,2021-02-05,accessories,L1,255,5,78,31,177,69,3,1,53,67,71 ,28,2,4,
AAPE,2021-02-06,accessories,L1,604,5,210,35,394,65,12,2,126,60,187 ,31,9,7,
AAPE,2021-02-07,accessories,L1,353,5,132,38,221,62,7,2,80,60,106 ,30,6,7,
AAPE,2021-02-08,accessories,L1,325,5,114,35,211,65,4,1,72,63,94 ,29,5,7,
AAPE,2021-02-09,accessories,L1,439,6,159,36,280,64,4,1,105,66,119 ,27,7,6,
AAPE,2021-02-10,accessories,L1,615,6,230,37,385,63,14,2,143,62,172 ,28,11,8,
AAPE,2021-02-11,accessories,L1,199,5,60,30,139,70,6,3,37,61,60 ,30,2,6,
AAPE,2021-02-12,accessories,L1,616,5,184,30,432,70,9,1,113,61,191 ,31,7,6,
AAPE,2021-02-13,accessories,L1,704,5,257,36,447,64,10,1,157,61,204 ,29,13,9,
AAPE,2021-02-14,accessories,L1,978,5,353,36,625,64,20,2,195,55,342 ,35,16,8,
AAPE,2021-02-15,accessories,L1,680,4,242,36,438,64,12,2,142,58,224 ,33,9,7,
AAPE,2021-02-16,accessories,L1,457,4,160,35,297,65,7,1,94,59,151 ,33,6,6,
AAPE,2021-02-17,accessories,L1,552,4,189,34,363,66,10,2,111,59,188 ,34,6,6,
AAPE,2021-02-18,accessories,L1,263,4,87,33,176,67,8,3,53,60,79 ,30,4,7,
AAPE,2021-02-19,accessories,L1,237,4,80,34,157,66,6,2,52,65,59 ,25,4,7,
AAPE,2021-02-20,accessories,L1,283,4,95,33,188,67,3,1,62,66,71 ,25,5,8,
AAPE,2021-02-21,accessories,L1,430,4,120,28,310,72,10,2,80,67,103 ,24,5,7,
AAPE,2021-02-22,accessories,L1,229,5,70,30,159,70,7,3,42,60,66 ,29,3,7,
AAPE,2021-02-23,accessories,L1,198,5,61,31,137,69,2,1,38,63,57 ,29,2,6,
AAPE,2021-02-24,accessories,L1,197,4,59,30,138,70,2,1,40,67,49 ,25,3,7,
AAPE,2021-02-25,accessories,L1,211,4,74,35,137,65,4,2,47,64,57 ,27,3,7,
AAPE,2021-02-26,accessories,L1,187,3,66,35,121,65,2,1,41,62,54 ,29,3,8,
AAPE,2021-02-27,accessories,L1,461,4,150,33,311,67,7,2,98,66,124 ,27,6,6,
AAPE,2021-02-28,accessories,L1,343,4,119,35,224,65,7,2,77,65,93 ,27,5,7,
CAIBAIJewelry,2021-02-01,consumer_electronics,L1,226,5,120,53,106,47,7,3,55,46,108 ,48,2,3,
CAIBAIJewelry,2021-02-02,consumer_electronics,L1,254,5,149,59,105,41,9,4,72,48,117 ,46,2,2,
CAIBAIJewelry,2021-02-03,consumer_electronics,L1,290,6,174,60,116,40,12,4,74,42,145 ,50,3,4,
CAIBAIJewelry,2021-02-04,consumer_electronics,L1,373,7,211,57,162,43,15,4,99,47,172 ,46,3,3,
CAIBAIJewelry,2021-02-05,consumer_electronics,L1,338,6,191,57,147,43,6,2,91,47,162 ,48,3,3,
CAIBAIJewelry,2021-02-06,consumer_electronics,L1,886,7,504,57,382,43,24,3,235,47,408 ,46,11,5,
CAIBAIJewelry,2021-02-07,consumer_electronics,L1,401,6,234,58,167,42,13,3,112,48,180 ,45,5,5,
CAIBAIJewelry,2021-02-08,consumer_electronics,L1,536,7,317,59,219,41,16,3,135,43,273 ,51,5,3,
CAIBAIJewelry,2021-02-09,consumer_electronics,L1,643,7,368,57,275,43,14,2,171,47,302 ,47,7,4,
CAIBAIJewelry,2021-02-10,consumer_electronics,L1,870,8,495,57,375,43,27,3,234,47,392 ,45,10,4,
CAIBAIJewelry,2021-02-11,consumer_electronics,L1,351,8,174,49,177,51,12,3,76,44,176 ,50,2,3,
CAIBAIJewelry,2021-02-12,consumer_electronics,L1,852,7,480,56,372,44,39,5,214,45,400 ,47,9,4,
CAIBAIJewelry,2021-02-13,consumer_electronics,L1,1159,7,618,53,541,47,39,3,285,46,533 ,46,12,4,
CAIBAIJewelry,2021-02-14,consumer_electronics,L1,1699,8,941,55,758,45,57,3,441,47,748 ,44,24,6,
CAIBAIJewelry,2021-02-15,consumer_electronics,L1,1155,7,682,59,473,41,45,4,299,44,543 ,47,15,5,
CAIBAIJewelry,2021-02-16,consumer_electronics,L1,888,6,520,59,368,41,23,3,239,46,417 ,47,10,4,
CAIBAIJewelry,2021-02-17,consumer_electronics,L1,964,7,549,57,415,43,28,3,257,47,443 ,46,11,4,
CAIBAIJewelry,2021-02-18,consumer_electronics,L1,400,6,243,61,157,39,8,2,108,45,200 ,50,4,4,
CAIBAIJewelry,2021-02-19,consumer_electronics,L1,324,5,180,56,144,44,10,3,86,48,146 ,45,3,4,
CAIBAIJewelry,2021-02-20,consumer_electronics,L1,351,5,190,54,161,46,11,3,94,49,154 ,44,3,4,
CAIBAIJewelry,2021-02-21,consumer_electronics,L1,545,5,296,54,249,46,21,4,150,51,229 ,42,5,4,
CAIBAIJewelry,2021-02-22,consumer_electronics,L1,224,4,124,55,100,45,9,4,58,47,99 ,44,3,5,
CAIBAIJewelry,2021-02-23,consumer_electronics,L1,211,5,112,53,99,47,7,3,57,51,87 ,41,2,4,
CAIBAIJewelry,2021-02-24,consumer_electronics,L1,211,4,106,50,105,50,8,4,48,45,101 ,48,2,4,
CAIBAIJewelry,2021-02-25,consumer_electronics,L1,217,4,109,50,108,50,3,1,52,48,104 ,48,1,3,
CAIBAIJewelry,2021-02-26,consumer_electronics,L1,309,5,170,55,139,45,6,2,81,48,145 ,47,2,3,
CAIBAIJewelry,2021-02-27,consumer_electronics,L1,716,5,371,52,345,48,20,3,171,46,344 ,48,6,4,
EVISUKURO,2021-02-01,fashions,L1,181,2,82,45,99,55,17,9,39,47,71 ,39,2,4,
EVISUKURO,2021-02-02,fashions,L1,203,2,101,50,102,50,8,4,51,51,83 ,41,2,5,
EVISUKURO,2021-02-03,fashions,L1,191,2,83,44,108,56,8,4,41,50,78 ,41,2,5,
EVISUKURO,2021-02-04,fashions,L1,207,2,87,42,120,58,16,8,43,49,79 ,38,2,6,
EVISUKURO,2021-02-05,fashions,L1,256,2,123,48,133,52,13,5,59,48,105 ,41,3,6,
EVISUKURO,2021-02-06,fashions,L1,1033,4,495,48,538,52,59,6,246,50,403 ,39,14,6,
EVISUKURO,2021-02-07,fashions,L1,381,2,184,48,197,52,23,6,84,46,164 ,43,4,5,
EVISUKURO,2021-02-08,fashions,L1,409,2,194,48,215,52,27,7,97,50,164 ,40,4,4,
EVISUKURO,2021-02-09,fashions,L1,548,3,261,48,287,52,30,5,128,49,219 ,40,7,5,
EVISUKURO,2021-02-10,fashions,L1,945,3,503,53,442,47,59,6,240,48,378 ,40,13,6,
EVISUKURO,2021-02-11,fashions,L1,217,2,96,44,121,56,18,8,41,43,100 ,46,1,3,
EVISUKURO,2021-02-12,fashions,L1,982,4,503,51,479,49,59,6,220,44,432 ,44,14,6,
EVISUKURO,2021-02-13,fashions,L1,1385,4,713,52,672,49,74,5,323,45,609 ,44,18,5,
EVISUKURO,2021-02-14,fashions,L1,2138,5,1131,53,1007,47,99,5,511,45,919 ,43,34,7,
EVISUKURO,2021-02-15,fashions,L1,1561,4,815,52,746,48,78,5,380,47,656 ,42,23,6,
EVISUKURO,2021-02-16,fashions,L1,1101,4,580,53,521,47,60,5,270,47,451 ,41,18,7,
EVISUKURO,2021-02-17,fashions,L1,1192,4,643,54,549,46,62,5,306,48,501 ,42,15,5,
EVISUKURO,2021-02-18,fashions,L1,338,2,158,47,180,53,25,8,76,48,139 ,41,3,4,
EVISUKURO,2021-02-19,fashions,L1,362,3,169,47,193,53,28,8,75,45,156 ,43,3,4,
EVISUKURO,2021-02-20,fashions,L1,410,2,187,46,223,54,28,7,85,45,172 ,42,5,6,
EVISUKURO,2021-02-21,fashions,L1,856,3,382,45,474,55,64,7,191,50,308 ,36,12,6,
EVISUKURO,2021-02-22,fashions,L1,252,2,106,42,146,58,19,7,49,46,103 ,41,3,5,
EVISUKURO,2021-02-23,fashions,L1,249,2,97,39,152,61,20,8,46,47,105 ,42,1,3,
EVISUKURO,2021-02-24,fashions,L1,266,2,131,49,135,51,22,8,62,48,106 ,40,3,4,
EVISUKURO,2021-02-25,fashions,L1,307,3,146,48,161,52,21,7,71,48,120 ,39,4,6,
EVISUKURO,2021-02-26,fashions,L1,371,3,169,46,202,54,23,6,79,47,160 ,43,3,4,
EVISUKURO,2021-02-27,fashions,L1,1279,4,655,51,624,49,63,5,335,51,499 ,39,18,5,
EVISUKURO,2021-02-28,fashions,L1,599,3,278,46,321,54,37,6,128,46,252 ,42,7,6,
NIO,2021-02-01,kids_babies,L1,328,2,139,42,189,58,66,20,39,28,164 ,50,1,2,
NIO,2021-02-02,kids_babies,L1,491,2,262,53,229,47,58,12,74,28,280 ,57,2,3,
NIO,2021-02-03,kids_babies,L1,379,2,163,43,216,57,51,13,44,27,216 ,57,1,2,
NIO,2021-02-04,kids_babies,L1,429,2,212,49,217,51,59,14,62,29,236 ,55,1,2,
NIO,2021-02-05,kids_babies,L1,470,2,227,48,243,52,66,14,68,30,240 ,51,3,4,
NIO,2021-02-06,kids_babies,L1,1131,2,531,47,600,53,180,16,160,30,554 ,49,9,5,
NIO,2021-02-07,kids_babies,L1,573,2,266,46,307,54,93,16,78,29,287 ,50,3,4,
NIO,2021-02-08,kids_babies,L1,564,2,275,49,289,51,89,16,79,29,288 ,51,4,4,
NIO,2021-02-09,kids_babies,L1,639,2,289,45,350,55,104,16,76,26,332 ,52,4,5,
NIO,2021-02-10,kids_babies,L1,1003,2,470,47,533,53,154,15,141,30,491 ,49,8,6,
NIO,2021-02-11,kids_babies,L1,431,2,190,44,241,56,75,17,51,27,228 ,53,2,3,
NIO,2021-02-12,kids_babies,L1,1649,4,738,45,911,55,289,18,179,24,874 ,53,10,6,
NIO,2021-02-13,kids_babies,L1,1694,3,808,48,886,52,270,16,217,27,864 ,51,13,6,
NIO,2021-02-14,kids_babies,L1,2375,4,1167,49,1208,51,331,14,314,27,1259 ,53,21,7,
NIO,2021-02-15,kids_babies,L1,1882,3,940,50,942,50,245,13,258,27,997 ,53,17,7,
NIO,2021-02-16,kids_babies,L1,1696,3,815,48,881,52,238,14,223,27,899 ,53,12,5,
NIO,2021-02-17,kids_babies,L1,1584,3,788,50,796,50,224,14,206,26,871 ,55,11,5,
NIO,2021-02-18,kids_babies,L1,720,3,340,47,380,53,105,15,102,30,382 ,53,3,3,
NIO,2021-02-19,kids_babies,L1,596,2,294,49,302,51,93,16,86,29,304 ,51,4,4,
NIO,2021-02-20,kids_babies,L1,658,2,296,45,362,55,115,18,89,30,316 ,48,4,5,
NIO,2021-02-21,kids_babies,L1,1044,2,480,46,564,54,187,18,142,30,491 ,47,8,6,
NIO,2021-02-22,kids_babies,L1,409,2,179,44,230,56,77,19,52,29,200 ,49,2,3,
NIO,2021-02-23,kids_babies,L1,427,2,178,42,249,58,65,15,53,30,226 ,53,1,2,
NIO,2021-02-24,kids_babies,L1,479,2,222,46,257,54,83,17,69,31,235 ,49,2,3,
NIO,2021-02-25,kids_babies,L1,429,2,186,43,243,57,56,13,62,33,215 ,50,2,4,
NIO,2021-02-26,kids_babies,L1,502,2,215,43,287,57,68,14,64,30,271 ,54,1,2,
NIO,2021-02-27,kids_babies,L1,1652,3,658,40,994,60,234,14,199,30,859 ,52,6,3,
NIO,2021-02-28,kids_babies,L1,986,3,388,39,598,61,143,14,123,32,503 ,51,3,3,
Pandora,2021-02-01,fashions,L1,69,6,49,71,20,29,3,4,26,53,28 ,41,0,2,
Pandora,2021-02-02,fashions,L1,90,6,71,78,19,22,4,5,37,53,37 ,41,0,1,
Pandora,2021-02-03,fashions,L1,81,6,61,76,20,25,3,4,34,56,31 ,38,1,3,
Pandora,2021-02-04,fashions,L1,120,8,85,71,35,29,5,4,43,50,52 ,43,1,2,
Pandora,2021-02-05,fashions,L1,110,6,89,81,21,19,3,3,53,59,41 ,37,1,1,
Pandora,2021-02-06,fashions,L1,222,6,151,68,71,32,16,7,87,58,73 ,33,2,2,
Pandora,2021-02-07,fashions,L1,133,6,97,73,36,27,10,7,56,58,44 ,33,1,2,
Pandora,2021-02-08,fashions,L1,195,8,153,78,42,22,6,3,86,57,74 ,38,2,2,
Pandora,2021-02-09,fashions,L1,227,9,174,77,53,23,11,5,97,56,86 ,38,1,1,
Pandora,2021-02-10,fashions,L1,332,9,248,75,84,25,15,4,144,58,116 ,35,3,2,
Pandora,2021-02-11,fashions,L1,121,9,92,76,29,24,4,3,49,54,50 ,41,1,2,
Pandora,2021-02-12,fashions,L1,243,7,176,72,67,28,23,9,92,52,90 ,37,1,1,
Pandora,2021-02-13,fashions,L1,333,8,247,74,86,26,24,7,127,51,133 ,40,2,2,
Pandora,2021-02-14,fashions,L1,593,9,428,72,165,28,37,6,233,54,225 ,38,4,2,
Pandora,2021-02-15,fashions,L1,398,8,296,74,102,26,23,6,161,55,147 ,37,5,3,
Pandora,2021-02-16,fashions,L1,293,7,230,78,63,22,15,5,131,57,105 ,36,3,2,
Pandora,2021-02-17,fashions,L1,304,7,227,75,77,25,15,5,130,57,109 ,36,3,2,
Pandora,2021-02-18,fashions,L1,160,8,122,76,38,24,12,7,66,55,61 ,38,0,1,
Pandora,2021-02-19,fashions,L1,109,6,84,77,25,23,4,4,47,56,38 ,35,2,5,
Pandora,2021-02-20,fashions,L1,172,16,120,70,52,30,15,9,68,57,55 ,32,2,3,
Pandora,2021-02-21,fashions,L1,248,15,169,68,79,32,28,11,97,57,72 ,29,2,2,
Pandora,2021-02-22,fashions,L1,82,12,57,69,25,31,4,5,36,63,24 ,29,1,3,
Pandora,2021-02-23,fashions,L1,78,12,57,73,21,27,3,4,33,59,28 ,36,0,1,
Pandora,2021-02-24,fashions,L1,80,11,61,76,19,24,6,7,39,64,22 ,27,1,2,
Pandora,2021-02-25,fashions,L1,82,10,60,73,22,27,4,5,32,54,30 ,37,1,4,
Pandora,2021-02-26,fashions,L1,101,12,74,73,27,27,8,8,40,54,34 ,34,1,4,
Pandora,2021-02-27,fashions,L1,256,13,184,72,72,28,22,9,106,58,82 ,32,1,1,
Pandora,2021-02-28,fashions,L1,125,10,89,71,36,29,15,12,49,56,39 ,31,1,1,
ShiningHouse,2021-02-01,jewelry,L1,30,1,9,31,21,69,2,7,5,53,11 ,37,0,3,
ShiningHouse,2021-02-02,jewelry,L1,31,1,11,35,20,65,0,0,6,56,12 ,40,0,4,
ShiningHouse,2021-02-03,jewelry,L1,45,1,19,43,26,57,1,1,10,51,18 ,41,1,7,
ShiningHouse,2021-02-04,jewelry,L1,41,1,13,32,28,68,1,2,7,55,16 ,38,0,6,
ShiningHouse,2021-02-05,jewelry,L1,33,1,9,28,24,72,1,2,5,53,14 ,41,0,3,
ShiningHouse,2021-02-06,jewelry,L1,106,1,46,44,60,56,3,3,26,55,38 ,36,2,6,
ShiningHouse,2021-02-07,jewelry,L1,56,1,23,41,33,59,3,6,12,51,20 ,35,1,8,
ShiningHouse,2021-02-08,jewelry,L1,62,1,24,38,38,62,0,0,14,60,20 ,32,1,8,
ShiningHouse,2021-02-09,jewelry,L1,60,1,25,41,35,59,2,3,13,51,24 ,40,1,6,
ShiningHouse,2021-02-10,jewelry,L1,101,1,45,45,56,55,5,5,27,60,29 ,29,2,6,
ShiningHouse,2021-02-11,jewelry,L1,45,1,20,45,25,55,2,4,10,49,18 ,39,1,7,
ShiningHouse,2021-02-12,jewelry,L1,166,1,65,39,101,61,10,6,30,46,73 ,44,1,5,
ShiningHouse,2021-02-13,jewelry,L1,192,1,74,39,118,61,8,4,37,50,79 ,41,1,4,
ShiningHouse,2021-02-14,jewelry,L1,293,1,95,32,198,68,20,7,47,49,114 ,39,2,5,
ShiningHouse,2021-02-15,jewelry,L1,96,1,33,34,63,66,4,4,19,57,31 ,32,1,8,
ShiningHouse,2021-02-16,jewelry,L1,69,1,33,47,36,53,3,4,16,49,29 ,42,1,5,
ShiningHouse,2021-02-17,jewelry,L1,178,1,67,38,111,62,6,3,38,57,62 ,35,1,4,
ShiningHouse,2021-02-18,jewelry,L1,46,1,18,38,28,62,1,1,8,47,20 ,43,1,9,
ShiningHouse,2021-02-19,jewelry,L1,36,1,20,54,16,46,2,4,8,41,18 ,51,0,3,
ShiningHouse,2021-02-20,jewelry,L1,45,1,12,27,33,73,2,5,5,40,22 ,48,0,7,
ShiningHouse,2021-02-21,jewelry,L1,69,1,25,37,44,63,2,2,16,64,20 ,29,1,5,
ShiningHouse,2021-02-22,jewelry,L1,37,1,13,36,24,64,4,11,7,48,13 ,35,0,6,
ShiningHouse,2021-02-23,jewelry,L1,37,1,10,28,27,72,0,0,6,59,12 ,32,1,9,
ShiningHouse,2021-02-24,jewelry,L1,33,1,16,48,17,52,1,3,6,41,16 ,49,0,7,
ShiningHouse,2021-02-25,jewelry,L1,42,1,21,50,21,50,1,3,10,46,20 ,47,0,4,
ShiningHouse,2021-02-26,jewelry,L1,80,1,35,44,45,56,5,7,17,48,35 ,44,0,2,
ShiningHouse,2021-02-27,jewelry,L1,126,1,46,36,80,64,2,2,26,57,44 ,35,2,6,
ShiningHouse,2021-02-28,jewelry,L1,122,1,49,40,73,60,4,4,29,60,38 ,31,2,6,
TOMMYHILFIGER,2021-02-01,facilities,L1,68,2,39,57,29,43,4,6,21,55,24 ,36,1,3,
TOMMYHILFIGER,2021-02-02,facilities,L1,63,2,39,62,24,38,5,7,16,41,32 ,50,0,1,
TOMMYHILFIGER,2021-02-03,facilities,L1,79,2,43,54,36,46,5,7,22,52,31 ,39,1,2,
TOMMYHILFIGER,2021-02-04,facilities,L1,80,2,43,53,37,47,1,2,25,58,30 ,37,1,4,
TOMMYHILFIGER,2021-02-05,facilities,L1,118,3,67,57,51,43,6,5,34,50,50 ,42,1,3,
TOMMYHILFIGER,2021-02-06,facilities,L1,250,2,123,49,127,51,10,4,66,53,100 ,40,2,3,
TOMMYHILFIGER,2021-02-07,facilities,L1,157,3,75,48,82,52,6,4,37,49,68 ,43,2,4,
TOMMYHILFIGER,2021-02-08,facilities,L1,125,2,63,50,62,50,4,3,33,52,51 ,41,1,4,
TOMMYHILFIGER,2021-02-09,facilities,L1,178,3,88,50,90,50,7,4,43,49,78 ,44,1,3,
TOMMYHILFIGER,2021-02-10,facilities,L1,314,3,159,51,155,49,12,4,87,55,116 ,37,4,4,
TOMMYHILFIGER,2021-02-11,facilities,L1,117,4,54,47,63,53,3,3,28,51,50 ,43,1,3,
TOMMYHILFIGER,2021-02-12,facilities,L1,293,3,142,48,151,52,11,4,69,49,126 ,43,3,5,
TOMMYHILFIGER,2021-02-13,facilities,L1,252,2,119,47,133,53,11,4,59,49,106 ,42,2,4,
TOMMYHILFIGER,2021-02-14,facilities,L1,349,2,161,46,188,54,11,3,84,52,147 ,42,3,3,
TOMMYHILFIGER,2021-02-15,facilities,L1,263,2,132,50,131,50,5,2,70,53,108 ,41,3,4,
TOMMYHILFIGER,2021-02-16,facilities,L1,213,2,94,44,119,56,11,5,41,44,98 ,46,2,4,
TOMMYHILFIGER,2021-02-17,facilities,L1,260,2,128,49,132,51,11,4,66,52,104 ,40,2,4,
TOMMYHILFIGER,2021-02-18,facilities,L1,85,2,43,50,42,50,2,2,19,45,43 ,50,0,2,
TOMMYHILFIGER,2021-02-19,facilities,L1,66,1,35,53,31,47,4,6,14,40,33 ,50,1,4,
TOMMYHILFIGER,2021-02-20,facilities,L1,83,2,34,41,49,59,1,1,18,53,36 ,43,1,3,
TOMMYHILFIGER,2021-02-21,facilities,L1,167,2,80,48,87,52,8,5,48,59,53 ,32,2,4,
TOMMYHILFIGER,2021-02-22,facilities,L1,57,1,26,45,31,55,3,5,12,47,27 ,47,0,1,
TOMMYHILFIGER,2021-02-23,facilities,L1,72,2,33,46,39,54,6,9,14,41,34 ,47,0,3,
TOMMYHILFIGER,2021-02-24,facilities,L1,72,2,38,53,34,47,1,1,22,57,28 ,39,1,3,
TOMMYHILFIGER,2021-02-25,facilities,L1,68,2,33,49,35,51,3,4,17,52,27 ,40,1,4,
TOMMYHILFIGER,2021-02-26,facilities,L1,91,2,47,52,44,48,3,4,25,52,39 ,43,0,1,
TOMMYHILFIGER,2021-02-27,facilities,L1,237,2,109,46,128,54,9,4,58,54,95 ,40,1,2,
TOMMYHILFIGER,2021-02-28,facilities,L1,162,2,72,45,90,55,6,3,41,57,62 ,38,1,2,
VJC,2021-02-01,facilities,L1,110,1,84,76,26,24,3,2,42,50,48 ,44,2,4,
VJC,2021-02-02,facilities,L1,118,1,96,82,22,18,3,2,38,40,65 ,55,1,3,
VJC,2021-02-03,facilities,L1,133,1,97,73,36,27,3,2,43,44,69 ,52,1,2,
VJC,2021-02-04,facilities,L1,180,1,137,76,43,24,4,2,59,43,92 ,51,2,4,
VJC,2021-02-05,facilities,L1,172,1,133,77,39,23,4,2,61,46,86 ,50,1,2,
VJC,2021-02-06,facilities,L1,251,1,177,70,74,30,3,1,91,52,113 ,45,2,2,
VJC,2021-02-07,facilities,L1,162,1,122,75,40,25,2,1,60,49,75 ,46,2,4,
VJC,2021-02-08,facilities,L1,216,1,154,71,62,29,3,1,77,50,102 ,47,1,1,
VJC,2021-02-09,facilities,L1,267,1,194,73,73,27,5,2,99,51,117 ,44,3,3,
VJC,2021-02-10,facilities,L1,322,1,244,76,78,24,6,2,121,49,145 ,45,5,4,
VJC,2021-02-11,facilities,L1,160,1,113,71,47,29,3,2,48,42,83 ,52,2,4,
VJC,2021-02-12,facilities,L1,368,1,264,72,104,28,7,2,136,51,158 ,43,5,4,
VJC,2021-02-13,facilities,L1,377,1,276,73,101,27,9,2,134,49,173 ,46,4,3,
VJC,2021-02-14,facilities,L1,423,1,305,72,118,28,9,2,156,51,173 ,41,8,5,
VJC,2021-02-15,facilities,L1,354,1,255,72,99,28,5,1,126,49,156 ,44,6,5,
VJC,2021-02-16,facilities,L1,287,1,217,76,70,24,5,2,107,50,126 ,44,5,5,
VJC,2021-02-17,facilities,L1,341,1,259,76,82,24,5,2,131,50,153 ,45,4,3,
VJC,2021-02-18,facilities,L1,220,1,153,69,67,31,2,1,70,46,110 ,50,2,3,
VJC,2021-02-19,facilities,L1,168,1,133,79,35,21,2,1,59,44,86 ,51,2,4,
VJC,2021-02-20,facilities,L1,203,1,148,73,55,27,4,2,70,48,97 ,48,2,3,
VJC,2021-02-21,facilities,L1,291,1,185,64,106,36,5,2,97,53,125 ,43,3,3,
VJC,2021-02-22,facilities,L1,153,1,112,73,41,27,1,0,53,47,78 ,51,1,2,
VJC,2021-02-23,facilities,L1,109,1,84,77,25,23,2,1,38,45,56 ,51,1,2,
VJC,2021-02-24,facilities,L1,138,1,97,70,41,30,2,2,41,42,75 ,54,1,3,
VJC,2021-02-25,facilities,L1,156,1,117,75,39,25,1,0,59,50,75 ,48,1,1,
VJC,2021-02-26,facilities,L1,170,1,120,71,50,29,2,1,59,49,82 ,48,1,2,
VJC,2021-02-27,facilities,L1,279,1,188,67,91,33,5,2,92,49,126 ,45,4,4,
VJC,2021-02-28,facilities,L1,166,1,119,72,47,28,3,2,61,51,75 ,45,1,1,
ZARA,2021-02-01,facilities,L1,793,8,480,61,313,39,38,5,269,56,293 ,37,6,2,
ZARA,2021-02-02,facilities,L1,760,8,479,63,281,37,26,3,272,57,281 ,37,8,3,
ZARA,2021-02-03,facilities,L1,769,8,474,62,295,38,35,5,255,54,300 ,39,6,2,
ZARA,2021-02-04,facilities,L1,828,7,523,63,305,37,37,4,306,59,282 ,34,10,3,
ZARA,2021-02-05,facilities,L1,1018,8,646,63,372,37,56,5,364,56,346 ,34,14,4,
ZARA,2021-02-06,facilities,L1,1671,6,959,57,712,43,75,4,551,57,551 ,33,25,5,
ZARA,2021-02-07,facilities,L1,1198,7,719,60,479,40,57,5,417,58,407 ,34,13,3,
ZARA,2021-02-08,facilities,L1,1281,7,778,61,503,39,66,5,454,58,423 ,33,17,4,
ZARA,2021-02-09,facilities,L1,1478,7,892,60,586,40,73,5,496,56,517 ,35,21,4,
ZARA,2021-02-10,facilities,L1,1766,6,1066,60,700,40,85,5,585,55,636 ,36,26,4,
ZARA,2021-02-11,facilities,L1,722,7,445,62,277,38,43,6,241,54,260 ,36,9,4,
ZARA,2021-02-12,facilities,L1,1623,6,919,57,704,43,117,7,459,50,617 ,38,23,5,
ZARA,2021-02-13,facilities,L1,2015,6,1241,62,774,38,117,6,655,53,746 ,37,32,5,
ZARA,2021-02-14,facilities,L1,2359,6,1344,57,1015,43,127,5,691,51,873 ,37,41,6,
ZARA,2021-02-15,facilities,L1,2116,6,1321,62,795,38,104,5,692,52,804 ,38,34,5,
ZARA,2021-02-16,facilities,L1,1897,6,1104,58,793,42,92,5,588,53,721 ,38,24,4,
ZARA,2021-02-17,facilities,L1,2065,7,1233,60,832,40,90,4,672,55,764 ,37,27,4,
ZARA,2021-02-18,facilities,L1,1173,8,690,59,483,41,55,5,397,58,399 ,34,13,3,
ZARA,2021-02-19,facilities,L1,1059,8,659,62,400,38,54,5,390,59,339 ,32,15,4,
ZARA,2021-02-20,facilities,L1,1392,8,792,57,600,43,80,6,459,58,459 ,33,16,4,
ZARA,2021-02-21,facilities,L1,1723,7,940,55,783,45,107,6,554,59,534 ,31,22,4,
ZARA,2021-02-22,facilities,L1,917,8,537,59,380,41,55,6,327,61,266 ,29,14,4,
ZARA,2021-02-23,facilities,L1,967,10,568,59,399,41,58,6,328,58,319 ,33,10,3,
ZARA,2021-02-24,facilities,L1,999,9,627,63,372,37,48,5,350,56,360 ,36,13,4,
ZARA,2021-02-25,facilities,L1,892,8,537,60,355,40,43,5,302,56,312 ,35,11,4,
ZARA,2021-02-26,facilities,L1,1123,8,690,61,433,39,62,5,388,56,393 ,35,13,3,
ZARA,2021-02-27,facilities,L1,2280,7,1311,58,969,43,116,5,730,56,798 ,35,33,5,
ZARA,2021-02-28,facilities,L1,1737,8,967,56,770,44,102,6,539,56,608 ,35,19,4,
ARIOSEyears,2021-02-01,accessories,L2,129,4,75,58,54,42,2,2,39,52,57 ,44,1,2,
ARIOSEyears,2021-02-02,accessories,L2,104,3,58,56,46,44,1,1,33,57,43 ,41,0,1,
ARIOSEyears,2021-02-03,accessories,L2,103,3,65,63,38,37,1,1,33,52,44 ,43,1,4,
ARIOSEyears,2021-02-04,accessories,L2,155,4,95,61,60,39,2,1,52,55,64 ,41,2,3,
ARIOSEyears,2021-02-05,accessories,L2,160,4,98,61,62,39,4,3,49,50,67 ,42,2,5,
ARIOSEyears,2021-02-06,accessories,L2,460,4,254,55,206,45,3,1,152,60,166 ,36,5,3,
ARIOSEyears,2021-02-07,accessories,L2,193,4,114,59,79,41,3,1,66,57,73 ,38,2,3,
ARIOSEyears,2021-02-08,accessories,L2,234,5,140,60,94,40,4,2,77,55,89 ,38,4,5,
ARIOSEyears,2021-02-09,accessories,L2,327,4,185,57,142,43,8,3,96,52,141 ,43,3,3,
ARIOSEyears,2021-02-10,accessories,L2,497,5,280,56,217,44,8,2,177,63,159 ,32,6,3,
ARIOSEyears,2021-02-11,accessories,L2,141,5,85,60,56,40,1,1,48,56,58 ,41,1,2,
ARIOSEyears,2021-02-12,accessories,L2,354,4,191,54,163,46,5,2,116,61,127 ,36,3,2,
ARIOSEyears,2021-02-13,accessories,L2,481,4,273,57,208,43,7,1,160,59,183 ,38,4,2,
ARIOSEyears,2021-02-14,accessories,L2,591,3,299,51,292,49,17,3,162,54,236 ,40,5,3,
ARIOSEyears,2021-02-15,accessories,L2,518,4,285,55,233,45,11,2,158,55,207 ,40,3,2,
ARIOSEyears,2021-02-16,accessories,L2,446,4,277,62,169,38,7,2,165,59,161 ,36,4,3,
ARIOSEyears,2021-02-17,accessories,L2,439,4,249,57,190,43,3,1,132,53,189 ,43,5,4,
ARIOSEyears,2021-02-18,accessories,L2,202,4,121,60,81,40,2,1,63,52,87 ,43,2,4,
ARIOSEyears,2021-02-19,accessories,L2,177,4,117,66,60,34,3,2,60,51,80 ,45,2,3,
ARIOSEyears,2021-02-20,accessories,L2,252,4,136,54,116,46,6,2,79,58,96 ,38,1,2,
ARIOSEyears,2021-02-21,accessories,L2,401,4,195,49,206,51,6,1,123,63,128 ,32,4,3,
ARIOSEyears,2021-02-22,accessories,L2,149,4,78,52,71,48,4,3,45,57,57 ,38,1,2,
ARIOSEyears,2021-02-23,accessories,L2,90,3,54,60,36,40,1,1,32,59,34 ,38,1,2,
ARIOSEyears,2021-02-24,accessories,L2,167,4,97,58,70,42,4,3,52,54,67 ,40,2,3,
ARIOSEyears,2021-02-25,accessories,L2,156,4,96,61,60,39,3,2,56,58,55 ,35,3,5,
ARIOSEyears,2021-02-26,accessories,L2,201,4,110,55,91,45,1,1,64,58,78 ,39,1,2,
ARIOSEyears,2021-02-27,accessories,L2,619,5,365,59,254,41,11,2,218,60,223 ,36,7,3,
ARIOSEyears,2021-02-28,accessories,L2,370,4,212,57,158,43,5,1,125,59,144 ,39,2,1,
GEMMO,2021-02-01,fashions,L2,203,3,109,54,94,46,5,2,33,31,126 ,62,2,5,
GEMMO,2021-02-02,fashions,L2,231,3,127,55,104,45,8,4,47,37,129 ,56,2,3,
GEMMO,2021-02-03,fashions,L2,204,3,123,60,81,40,5,2,49,40,108 ,53,2,5,
GEMMO,2021-02-04,fashions,L2,185,2,93,50,92,50,3,2,33,36,105 ,57,2,5,
GEMMO,2021-02-05,fashions,L2,218,2,114,52,104,48,4,2,45,39,116 ,53,3,6,
GEMMO,2021-02-06,fashions,L2,519,3,266,51,253,49,18,4,113,43,249 ,48,6,5,
GEMMO,2021-02-07,fashions,L2,246,3,129,52,117,48,14,6,44,34,135 ,55,2,5,
GEMMO,2021-02-08,fashions,L2,272,3,144,53,128,47,11,4,54,37,150 ,55,2,3,
GEMMO,2021-02-09,fashions,L2,359,3,186,52,173,48,7,2,78,42,187 ,52,3,4,
GEMMO,2021-02-10,fashions,L2,540,4,251,46,289,54,19,3,109,43,259 ,48,5,5,
GEMMO,2021-02-11,fashions,L2,191,3,92,48,99,52,4,2,36,39,101 ,53,2,5,
GEMMO,2021-02-12,fashions,L2,568,4,295,52,273,48,20,4,118,40,290 ,51,6,5,
GEMMO,2021-02-13,fashions,L2,705,4,374,53,331,47,16,2,141,38,374 ,53,10,7,
GEMMO,2021-02-14,fashions,L2,797,3,374,47,423,53,23,3,136,36,446 ,56,7,5,
GEMMO,2021-02-15,fashions,L2,664,3,369,56,295,44,19,3,148,40,345 ,52,7,5,
GEMMO,2021-02-16,fashions,L2,508,3,270,53,238,47,16,3,119,44,244 ,48,5,4,
GEMMO,2021-02-17,fashions,L2,602,3,333,55,269,45,12,2,125,37,325 ,54,9,7,
GEMMO,2021-02-18,fashions,L2,244,2,147,60,97,40,5,2,49,34,146 ,60,2,5,
GEMMO,2021-02-19,fashions,L2,252,2,141,56,111,44,5,2,58,41,134 ,53,3,4,
GEMMO,2021-02-20,fashions,L2,353,3,192,54,161,46,15,4,90,47,152 ,43,5,5,
GEMMO,2021-02-21,fashions,L2,565,3,301,53,264,47,17,3,136,45,266 ,47,7,5,
GEMMO,2021-02-22,fashions,L2,249,3,129,52,120,48,12,5,57,44,120 ,48,2,3,
GEMMO,2021-02-23,fashions,L2,187,2,94,50,93,50,5,3,40,43,99 ,53,1,1,
GEMMO,2021-02-24,fashions,L2,290,3,154,53,136,47,9,3,71,46,139 ,48,2,3,
GEMMO,2021-02-25,fashions,L2,195,2,105,54,90,46,5,2,42,40,107 ,55,1,2,
GEMMO,2021-02-26,fashions,L2,256,2,138,54,118,46,5,2,51,37,141 ,55,3,6,
GEMMO,2021-02-27,fashions,L2,475,2,269,57,206,43,15,3,110,41,238 ,50,7,6,
GEMMO,2021-02-28,fashions,L2,400,3,230,57,170,43,11,3,90,39,208 ,52,6,6,
RE-BLUE,2021-02-01,fashions,L2,127,4,100,79,27,21,8,7,43,43,53 ,42,4,8,
RE-BLUE,2021-02-02,fashions,L2,143,4,106,74,37,26,9,6,44,42,66 ,46,3,6,
RE-BLUE,2021-02-03,fashions,L2,110,5,87,79,23,21,6,5,40,46,47 ,43,2,6,
simonin,2021-02-01,fashions,L2,89,3,50,56,39,44,1,1,24,47,44 ,49,1,3,
simonin,2021-02-02,fashions,L2,83,2,50,61,33,39,3,4,22,44,40 ,48,1,4,
simonin,2021-02-03,fashions,L2,91,3,58,64,33,36,3,3,28,49,38 ,42,2,6,
simonin,2021-02-04,fashions,L2,131,3,81,62,50,38,5,4,37,46,62 ,47,1,4,
simonin,2021-02-05,fashions,L2,103,2,63,61,40,39,3,3,29,46,46 ,45,2,6,
simonin,2021-02-06,fashions,L2,250,2,135,54,115,46,5,2,71,53,103 ,41,3,4,
simonin,2021-02-07,fashions,L2,130,2,72,55,58,45,3,3,37,52,57 ,44,0,1,
simonin,2021-02-08,fashions,L2,144,3,91,64,53,37,4,3,48,52,55 ,38,3,7,
simonin,2021-02-09,fashions,L2,223,3,128,57,95,43,9,4,67,52,83 ,37,4,6,
simonin,2021-02-10,fashions,L2,241,2,148,61,93,39,11,4,75,51,96 ,40,3,4,
simonin,2021-02-11,fashions,L2,101,3,55,54,46,46,4,4,24,44,46 ,46,2,6,
simonin,2021-02-12,fashions,L2,233,3,145,62,88,38,10,4,68,46,103 ,44,3,5,
simonin,2021-02-13,fashions,L2,283,2,182,64,101,36,7,3,82,45,133 ,47,4,5,
simonin,2021-02-14,fashions,L2,393,2,222,56,171,44,15,4,106,48,177 ,45,4,4,
simonin,2021-02-15,fashions,L2,355,3,229,64,126,36,11,3,112,49,149 ,42,7,6,
simonin,2021-02-16,fashions,L2,298,2,193,65,105,35,11,4,90,47,134 ,45,4,4,
simonin,2021-02-17,fashions,L2,287,2,177,62,110,38,8,3,84,48,126 ,44,5,6,
simonin,2021-02-18,fashions,L2,150,3,92,62,58,38,3,2,47,51,63 ,42,2,5,
simonin,2021-02-19,fashions,L2,156,3,101,65,55,35,4,3,55,55,61 ,39,2,4,
simonin,2021-02-20,fashions,L2,164,3,103,63,61,37,5,3,54,53,66 ,40,2,4,
simonin,2021-02-21,fashions,L2,313,3,165,53,148,47,10,3,95,57,110 ,35,4,4,
simonin,2021-02-22,fashions,L2,111,3,68,61,43,39,4,3,34,51,44 ,40,2,6,
simonin,2021-02-23,fashions,L2,118,3,56,47,62,53,3,3,25,45,57 ,48,1,4,
simonin,2021-02-24,fashions,L2,131,3,83,63,48,37,2,2,40,48,60 ,46,2,4,
simonin,2021-02-25,fashions,L2,127,3,74,58,53,42,7,6,33,44,57 ,45,2,5,
simonin,2021-02-26,fashions,L2,147,3,88,60,59,40,3,2,44,50,68 ,46,1,2,
simonin,2021-02-27,fashions,L2,332,3,212,64,120,36,6,2,119,56,129 ,39,4,3,
simonin,2021-02-28,fashions,L2,271,3,164,61,107,39,12,4,83,51,108 ,40,4,5,
AIMERKIDS,2021-02-01,kids_babies,L3,69,2,37,54,32,46,7,11,11,28,36 ,52,1,9,
AIMERKIDS,2021-02-02,kids_babies,L3,77,3,47,61,30,39,5,6,13,28,39 ,51,2,15,
AIMERKIDS,2021-02-03,kids_babies,L3,74,3,42,56,32,44,4,6,15,35,35 ,47,2,13,
AIMERKIDS,2021-02-04,kids_babies,L3,75,3,44,59,31,41,5,7,17,39,32 ,42,2,13,
AIMERKIDS,2021-02-05,kids_babies,L3,83,2,44,53,39,47,6,7,14,32,42 ,50,2,11,
AIMERKIDS,2021-02-06,kids_babies,L3,164,2,88,53,76,47,16,10,27,30,71 ,43,5,17,
AIMERKIDS,2021-02-07,kids_babies,L3,115,2,61,53,54,47,13,12,19,32,51 ,44,3,13,
AIMERKIDS,2021-02-08,kids_babies,L3,137,3,80,58,57,42,12,9,22,28,74 ,54,2,10,
AIMERKIDS,2021-02-09,kids_babies,L3,158,3,91,57,67,43,11,7,33,37,74 ,47,3,9,
AIMERKIDS,2021-02-10,kids_babies,L3,203,3,111,55,92,45,16,8,43,39,89 ,44,4,10,
AIMERKIDS,2021-02-11,kids_babies,L3,88,3,50,57,38,43,13,14,18,35,34 ,39,2,11,
AIMERKIDS,2021-02-12,kids_babies,L3,132,2,69,52,63,48,16,12,20,29,58 ,44,3,16,
AIMERKIDS,2021-02-13,kids_babies,L3,114,1,61,54,53,46,13,12,18,29,51 ,45,3,14,
AIMERKIDS,2021-02-14,kids_babies,L3,110,1,73,66,37,34,9,8,20,28,54 ,49,3,15,
AIMERKIDS,2021-02-15,kids_babies,L3,82,1,40,48,42,52,10,12,11,29,31 ,38,2,21,
AIMERKIDS,2021-02-16,kids_babies,L3,96,1,61,63,35,37,10,11,17,29,46 ,48,2,13,
AIMERKIDS,2021-02-17,kids_babies,L3,95,1,57,60,38,40,11,12,19,32,46 ,48,1,8,
AIMERKIDS,2021-02-18,kids_babies,L3,46,1,32,70,14,30,5,11,12,36,18 ,39,2,14,
AIMERKIDS,2021-02-19,kids_babies,L3,63,2,37,58,26,42,8,13,11,31,31 ,49,1,8,
AIMERKIDS,2021-02-20,kids_babies,L3,67,2,43,64,24,36,6,9,16,38,26 ,39,2,14,
AIMERKIDS,2021-02-21,kids_babies,L3,69,1,38,56,31,44,6,9,15,40,28 ,40,2,11,
AIMERKIDS,2021-02-22,kids_babies,L3,44,2,31,72,13,28,3,6,15,47,18 ,40,1,8,
AIMERKIDS,2021-02-23,kids_babies,L3,66,2,43,65,23,35,8,12,17,40,27 ,41,1,7,
AIMERKIDS,2021-02-24,kids_babies,L3,45,1,30,67,15,33,5,10,12,40,17 ,37,2,12,
AIMERKIDS,2021-02-25,kids_babies,L3,53,2,31,58,22,42,3,6,11,37,24 ,45,1,12,
AIMERKIDS,2021-02-26,kids_babies,L3,52,1,30,58,22,42,8,14,11,38,19 ,36,1,11,
AIMERKIDS,2021-02-27,kids_babies,L3,92,1,55,60,37,40,11,12,17,32,42 ,46,2,10,
AIMERKIDS,2021-02-28,kids_babies,L3,83,1,45,54,38,46,11,13,13,28,39 ,47,1,12,
Coolzone,2021-02-01,kids_babies,L3,41,2,17,42,24,58,4,9,5,29,24 ,59,0,3,
Coolzone,2021-02-02,kids_babies,L3,74,3,26,35,48,65,5,7,11,42,36 ,49,0,1,
Coolzone,2021-02-03,kids_babies,L3,37,1,14,39,23,61,1,1,8,53,16 ,44,0,1,
Coolzone,2021-02-04,kids_babies,L3,35,1,14,39,21,61,4,11,7,48,14 ,39,0,2,
Coolzone,2021-02-05,kids_babies,L3,101,3,53,52,48,48,5,5,24,46,44 ,44,1,5,
Coolzone,2021-02-06,kids_babies,L3,108,3,38,35,70,65,16,15,15,40,44 ,41,1,4,
Coolzone,2021-02-07,kids_babies,L3,68,2,26,39,42,61,5,8,13,48,27 ,39,1,4,
Coolzone,2021-02-08,kids_babies,L3,47,2,20,42,27,58,7,14,6,28,25 ,53,0,5,
Coolzone,2021-02-09,kids_babies,L3,34,1,13,38,21,62,4,11,6,47,12 ,36,0,6,
Coolzone,2021-02-10,kids_babies,L3,48,2,16,33,32,67,9,18,5,30,23 ,47,0,5,
Coolzone,2021-02-11,kids_babies,L3,14,1,11,75,3,25,2,17,2,17,9 ,63,0,4,
Coolzone,2021-02-12,kids_babies,L3,80,2,41,51,39,49,5,7,13,31,40 ,50,2,12,
Coolzone,2021-02-13,kids_babies,L3,60,2,28,46,32,54,8,13,12,43,25 ,41,0,2,
Coolzone,2021-02-14,kids_babies,L3,71,2,33,46,38,54,8,11,12,36,30 ,42,1,10,
Coolzone,2021-02-15,kids_babies,L3,46,1,17,37,29,63,5,12,8,46,18 ,39,0,3,
Coolzone,2021-02-16,kids_babies,L3,44,1,23,52,21,48,4,9,12,51,15 ,35,1,6,
Coolzone,2021-02-17,kids_babies,L3,51,1,25,49,26,51,4,8,10,41,24 ,47,0,4,
Coolzone,2021-02-18,kids_babies,L3,48,2,18,38,30,62,10,20,8,44,16 ,34,0,3,
Coolzone,2021-02-19,kids_babies,L3,86,3,43,50,43,50,6,7,18,42,39 ,45,1,6,
Coolzone,2021-02-20,kids_babies,L3,70,2,24,35,46,65,7,10,13,54,22 ,31,1,5,
Coolzone,2021-02-21,kids_babies,L3,111,3,43,39,68,61,15,14,21,48,37 ,33,1,5,
Coolzone,2021-02-22,kids_babies,L3,76,3,36,47,40,53,4,5,19,53,29 ,38,1,4,
Coolzone,2021-02-23,kids_babies,L3,133,4,49,37,84,63,12,9,24,49,49 ,37,1,6,
Coolzone,2021-02-24,kids_babies,L3,78,3,41,53,37,47,8,11,17,40,36 ,46,0,3,
Coolzone,2021-02-25,kids_babies,L3,77,3,30,39,47,61,7,9,13,42,34 ,44,1,5,
Coolzone,2021-02-26,kids_babies,L3,147,4,56,38,91,62,18,13,20,37,68 ,46,1,5,
Coolzone,2021-02-27,kids_babies,L3,221,5,79,36,142,64,21,10,36,45,88 ,40,2,5,
Coolzone,2021-02-28,kids_babies,L3,266,5,127,48,139,52,26,10,51,40,120 ,45,3,6,
gb,2021-02-01,fashions,L3,107,1,46,43,61,57,10,10,12,26,63 ,59,1,6,
gb,2021-02-02,fashions,L3,112,1,47,42,65,58,15,13,14,29,58 ,52,1,5,
gb,2021-02-03,fashions,L3,120,1,54,45,66,55,12,10,16,30,62 ,52,1,8,
gb,2021-02-04,fashions,L3,129,1,64,49,65,51,15,11,16,25,74 ,57,1,7,
gb,2021-02-05,fashions,L3,169,2,72,43,97,57,28,17,21,29,79 ,47,1,7,
gb,2021-02-06,fashions,L3,266,1,135,51,131,49,39,15,35,26,125 ,47,4,12,
gb,2021-02-07,fashions,L3,231,2,105,45,126,55,35,15,23,22,129 ,56,2,7,
gb,2021-02-08,fashions,L3,157,1,86,55,71,45,18,11,25,29,82 ,52,2,7,
gb,2021-02-09,fashions,L3,206,1,113,55,93,45,26,12,36,32,103 ,50,2,6,
gb,2021-02-10,fashions,L3,179,1,100,56,79,44,20,11,24,24,102 ,57,2,8,
gb,2021-02-11,fashions,L3,60,1,34,57,26,43,4,7,8,23,37 ,62,1,8,
gb,2021-02-12,fashions,L3,290,1,164,56,126,44,30,10,41,25,160 ,55,4,10,
gb,2021-02-13,fashions,L3,351,1,207,59,144,41,45,13,47,23,190 ,54,5,11,
gb,2021-02-14,fashions,L3,443,1,264,60,179,40,55,12,64,24,230 ,52,7,11,
gb,2021-02-15,fashions,L3,393,1,221,56,172,44,46,12,54,24,216 ,55,5,9,
gb,2021-02-16,fashions,L3,475,2,272,57,203,43,42,9,78,29,247 ,52,8,10,
gb,2021-02-17,fashions,L3,426,1,234,55,192,45,41,10,70,30,234 ,55,4,5,
gb,2021-02-18,fashions,L3,232,2,130,56,102,44,21,9,34,26,139 ,60,2,5,
gb,2021-02-19,fashions,L3,242,2,121,50,121,50,23,10,34,28,136 ,56,2,7,
gb,2021-02-20,fashions,L3,405,2,213,53,192,47,32,8,65,31,223 ,55,4,7,
gb,2021-02-21,fashions,L3,323,2,163,50,160,50,41,13,53,32,158 ,49,3,6,
gb,2021-02-22,fashions,L3,291,3,159,55,132,45,21,7,58,37,151 ,52,3,5,
gb,2021-02-23,fashions,L3,219,2,110,50,109,50,25,11,34,31,110 ,50,2,7,
gb,2021-02-24,fashions,L3,187,2,95,51,92,49,23,12,34,36,84 ,45,2,7,
gb,2021-02-25,fashions,L3,321,3,170,53,151,47,28,9,54,32,173 ,54,3,6,
gb,2021-02-26,fashions,L3,281,2,144,51,137,49,22,8,43,30,155 ,55,3,7,
gb,2021-02-27,fashions,L3,672,2,350,52,322,48,62,9,96,27,370 ,55,8,9,
gb,2021-02-28,fashions,L3,666,2,346,52,320,48,58,9,100,29,353 ,53,9,9,
GOFIDisney,2021-02-01,fashions,L3,90,2,46,52,44,48,8,9,22,48,34 ,38,1,5,
GOFIDisney,2021-02-02,fashions,L3,95,2,53,55,42,45,6,6,21,41,45 ,47,1,6,
GOFIDisney,2021-02-03,fashions,L3,90,2,54,59,36,41,6,7,22,41,36 ,40,3,12,
GOFIDisney,2021-02-04,fashions,L3,100,2,51,51,49,49,9,9,22,43,43 ,43,1,6,
GOFIDisney,2021-02-05,fashions,L3,162,3,98,61,64,39,17,11,45,46,58 ,36,3,7,
GOFIDisney,2021-02-06,fashions,L3,296,3,160,54,136,46,28,10,78,49,104 ,35,6,7,
GOFIDisney,2021-02-07,fashions,L3,195,3,113,58,82,42,14,7,57,50,64 ,33,5,9,
GOFIDisney,2021-02-08,fashions,L3,187,3,100,53,87,47,13,7,44,44,73 ,39,5,10,
GOFIDisney,2021-02-09,fashions,L3,278,3,146,53,132,47,22,8,75,51,97 ,35,4,5,
GOFIDisney,2021-02-10,fashions,L3,308,3,172,56,136,44,23,8,86,50,105 ,34,8,9,
GOFIDisney,2021-02-11,fashions,L3,182,4,89,49,93,51,18,10,44,49,64 ,35,2,6,
GOFIDisney,2021-02-12,fashions,L3,286,3,167,58,119,42,22,8,82,49,100 ,35,7,9,
GOFIDisney,2021-02-13,fashions,L3,361,4,196,54,165,46,37,10,83,42,134 ,37,9,10,
GOFIDisney,2021-02-14,fashions,L3,429,4,219,51,210,49,28,7,93,42,172 ,40,10,11,
GOFIDisney,2021-02-15,fashions,L3,382,4,218,57,164,43,28,7,97,44,153 ,40,8,8,
GOFIDisney,2021-02-16,fashions,L3,320,3,171,54,149,46,27,9,72,42,131 ,41,6,8,
GOFIDisney,2021-02-17,fashions,L3,299,3,164,55,135,45,21,7,80,49,105 ,35,8,10,
GOFIDisney,2021-02-18,fashions,L3,154,3,82,53,72,47,15,10,39,47,54 ,35,3,8,
GOFIDisney,2021-02-19,fashions,L3,136,2,71,52,65,48,12,9,33,47,48 ,35,3,9,
GOFIDisney,2021-02-20,fashions,L3,131,2,75,57,56,43,14,11,32,43,48 ,37,3,10,
GOFIDisney,2021-02-21,fashions,L3,168,2,87,52,81,48,21,12,44,51,54 ,32,2,5,
GOFIDisney,2021-02-22,fashions,L3,111,2,70,63,41,37,9,8,36,52,33 ,30,4,10,
GOFIDisney,2021-02-23,fashions,L3,145,3,90,62,55,38,19,13,44,49,48 ,33,2,5,
GOFIDisney,2021-02-24,fashions,L3,143,2,80,56,63,44,14,10,38,48,57 ,40,1,3,
GOFIDisney,2021-02-25,fashions,L3,129,2,76,59,53,41,17,13,36,48,39 ,30,3,9,
GOFIDisney,2021-02-26,fashions,L3,147,2,90,61,57,39,15,10,42,47,54 ,37,2,6,
GOFIDisney,2021-02-27,fashions,L3,252,2,122,49,130,51,32,13,56,46,86 ,34,4,8,
GOFIDisney,2021-02-28,fashions,L3,274,3,156,57,118,43,37,13,70,45,90 ,33,6,8,
KIDSIMLE,2021-02-01,kids_babies,L3,48,1,32,66,16,34,3,7,15,47,16 ,33,2,14,
KIDSIMLE,2021-02-02,kids_babies,L3,41,1,28,68,13,32,6,15,10,37,16 ,39,1,9,
KIDSIMLE,2021-02-03,kids_babies,L3,44,1,30,68,14,33,4,10,10,33,18 ,40,2,18,
KIDSIMLE,2021-02-04,kids_babies,L3,66,1,39,60,27,41,7,10,20,51,20 ,31,2,8,
KIDSIMLE,2021-02-05,kids_babies,L3,74,1,41,55,33,45,9,12,15,37,27 ,37,2,14,
KIDSIMLE,2021-02-06,kids_babies,L3,124,1,68,55,56,45,13,10,28,42,53 ,43,1,5,
KIDSIMLE,2021-02-07,kids_babies,L3,61,1,42,69,19,31,4,7,13,31,34 ,55,1,7,
KIDSIMLE,2021-02-08,kids_babies,L3,86,1,40,46,46,54,6,7,18,46,36 ,42,1,5,
KIDSIMLE,2021-02-09,kids_babies,L3,95,1,46,48,49,52,10,11,19,42,38 ,40,1,7,
KIDSIMLE,2021-02-10,kids_babies,L3,85,1,43,50,42,50,11,13,18,43,31 ,37,1,7,
KIDSIMLE,2021-02-11,kids_babies,L3,21,0,7,34,14,66,3,16,2,26,11 ,53,0,5,
KIDSIMLE,2021-02-12,kids_babies,L3,32,0,12,37,20,63,5,16,5,43,12 ,39,0,2,
KIDSIMLE,2021-02-13,kids_babies,L3,47,0,27,57,20,43,7,14,10,39,21 ,45,0,2,
KIDSIMLE,2021-02-14,kids_babies,L3,30,0,23,76,7,24,2,5,12,53,9 ,29,2,13,
KIDSIMLE,2021-02-15,kids_babies,L3,71,1,37,52,34,48,4,5,13,36,38 ,53,1,6,
KIDSIMLE,2021-02-16,kids_babies,L3,108,1,54,50,54,50,12,11,22,41,46 ,43,1,5,
KIDSIMLE,2021-02-17,kids_babies,L3,127,1,62,49,65,51,12,10,23,38,58 ,46,2,7,
KIDSIMLE,2021-02-18,kids_babies,L3,68,1,42,61,26,39,9,13,17,40,24 ,36,2,11,
KIDSIMLE,2021-02-19,kids_babies,L3,101,2,56,55,45,45,15,15,24,43,36 ,36,1,6,
KIDSIMLE,2021-02-20,kids_babies,L3,80,1,45,56,35,44,6,8,16,37,35 ,44,2,12,
KIDSIMLE,2021-02-21,kids_babies,L3,92,1,53,58,39,42,10,11,19,36,37 ,40,2,13,
KIDSIMLE,2021-02-22,kids_babies,L3,43,1,25,58,18,42,6,13,13,52,13 ,31,1,4,
KIDSIMLE,2021-02-23,kids_babies,L3,70,1,39,56,31,44,5,6,18,46,29 ,42,1,5,
KIDSIMLE,2021-02-24,kids_babies,L3,55,1,35,64,20,36,6,11,11,31,29 ,53,1,5,
KIDSIMLE,2021-02-25,kids_babies,L3,61,1,40,66,21,34,4,7,22,54,20 ,32,2,8,
KIDSIMLE,2021-02-26,kids_babies,L3,53,1,36,68,17,32,5,10,12,33,27 ,51,1,7,
KIDSIMLE,2021-02-27,kids_babies,L3,90,1,47,52,43,48,11,12,20,43,34 ,38,1,7,
KIDSIMLE,2021-02-28,kids_babies,L3,100,1,61,61,39,39,9,9,25,41,42 ,42,2,8,
LynnMilo,2021-02-01,fashions,L3,214,4,145,68,69,32,40,19,69,47,66 ,31,2,3,
LynnMilo,2021-02-02,fashions,L3,258,4,171,66,87,34,42,16,91,53,67 ,26,4,4,
LynnMilo,2021-02-03,fashions,L3,246,4,152,62,94,38,42,17,72,47,76 ,31,3,4,
LynnMilo,2021-02-04,fashions,L3,182,3,115,63,67,37,43,24,50,44,49 ,27,3,6,
LynnMilo,2021-02-05,fashions,L3,280,4,184,66,96,34,50,18,94,51,76 ,27,3,4,
LynnMilo,2021-02-06,fashions,L3,454,3,286,63,168,37,64,14,151,53,127 ,28,7,5,
LynnMilo,2021-02-07,fashions,L3,294,3,178,61,116,39,57,19,88,49,82 ,28,3,4,
LynnMilo,2021-02-08,fashions,L3,342,4,213,62,129,38,54,16,105,49,106 ,31,4,4,
LynnMilo,2021-02-09,fashions,L3,472,4,311,66,161,34,80,17,155,50,137 ,29,7,5,
LynnMilo,2021-02-10,fashions,L3,467,3,283,61,184,39,78,17,144,51,126 ,27,8,6,
LynnMilo,2021-02-11,fashions,L3,237,4,144,61,93,39,42,18,75,52,64 ,27,2,3,
LynnMilo,2021-02-12,fashions,L3,421,3,257,61,164,39,60,14,129,50,135 ,32,5,4,
LynnMilo,2021-02-13,fashions,L3,427,2,285,67,142,33,59,14,139,49,137 ,32,7,5,
LynnMilo,2021-02-14,fashions,L3,416,2,240,58,176,42,48,12,125,52,129 ,31,7,6,
LynnMilo,2021-02-15,fashions,L3,378,2,244,64,134,36,45,12,130,53,113 ,30,6,5,
LynnMilo,2021-02-16,fashions,L3,423,2,262,62,161,38,56,13,129,49,135 ,32,7,5,
LynnMilo,2021-02-17,fashions,L3,384,2,241,63,143,37,50,13,120,50,123 ,32,6,5,
LynnMilo,2021-02-18,fashions,L3,240,2,139,58,101,42,38,16,70,50,70 ,29,3,5,
LynnMilo,2021-02-19,fashions,L3,281,3,160,57,121,43,60,21,78,49,70 ,25,4,5,
LynnMilo,2021-02-20,fashions,L3,284,3,168,59,116,41,56,20,82,49,77 ,27,4,5,
LynnMilo,2021-02-21,fashions,L3,327,2,183,56,144,44,57,17,86,47,101 ,31,4,5,
LynnMilo,2021-02-22,fashions,L3,214,3,139,65,75,35,35,16,75,54,56 ,26,3,4,
LynnMilo,2021-02-23,fashions,L3,239,3,142,59,97,41,40,17,70,50,69 ,29,3,5,
LynnMilo,2021-02-24,fashions,L3,231,3,139,60,92,40,48,21,67,48,65 ,28,2,3,
LynnMilo,2021-02-25,fashions,L3,276,3,184,67,92,33,58,21,92,50,69 ,25,4,4,
LynnMilo,2021-02-26,fashions,L3,290,3,183,63,107,37,60,21,86,47,78 ,27,4,5,
LynnMilo,2021-02-27,fashions,L3,385,2,230,60,155,40,57,15,114,50,112 ,29,8,7,
LynnMilo,2021-02-28,fashions,L3,427,3,252,59,175,41,71,17,129,51,120 ,28,6,5,
minipeace,2021-02-01,fashions,L3,102,7,75,74,27,26,4,4,32,42,47 ,46,3,8,
minipeace,2021-02-02,fashions,L3,124,7,89,72,35,28,7,6,34,39,64 ,52,1,3,
minipeace,2021-02-03,fashions,L3,139,8,103,74,36,26,4,3,43,41,70 ,50,2,6,
minipeace,2021-02-04,fashions,L3,120,6,86,71,34,29,6,5,37,43,58 ,48,1,3,
minipeace,2021-02-05,fashions,L3,189,9,141,75,48,25,6,3,64,45,85 ,45,4,7,
minipeace,2021-02-06,fashions,L3,338,8,251,74,87,26,18,5,111,44,155 ,46,4,4,
minipeace,2021-02-07,fashions,L3,236,8,185,79,51,21,11,5,76,41,111 ,47,5,7,
minipeace,2021-02-08,fashions,L3,225,7,173,77,52,23,12,5,68,40,106 ,47,5,8,
minipeace,2021-02-09,fashions,L3,361,9,272,75,89,25,22,6,107,39,181 ,50,4,4,
minipeace,2021-02-10,fashions,L3,440,9,336,76,104,24,18,4,154,46,198 ,45,9,6,
minipeace,2021-02-11,fashions,L3,162,7,116,72,46,28,7,4,54,47,75 ,46,2,3,
minipeace,2021-02-12,fashions,L3,196,5,145,74,51,26,10,5,61,42,94 ,48,3,5,
minipeace,2021-02-13,fashions,L3,195,4,135,69,60,31,7,4,62,46,86 ,44,4,6,
minipeace,2021-02-14,fashions,L3,234,4,155,66,79,34,17,7,72,46,96 ,41,4,6,
minipeace,2021-02-15,fashions,L3,182,4,123,68,59,32,10,6,59,48,73 ,40,4,6,
minipeace,2021-02-16,fashions,L3,186,4,130,70,56,30,12,6,59,45,74 ,40,5,9,
minipeace,2021-02-17,fashions,L3,174,4,116,67,58,33,11,6,49,42,84 ,48,2,4,
minipeace,2021-02-18,fashions,L3,76,4,47,62,29,38,4,5,21,45,33 ,44,1,5,
minipeace,2021-02-19,fashions,L3,86,4,59,69,27,31,4,4,30,51,35 ,41,1,4,
minipeace,2021-02-20,fashions,L3,101,4,76,75,25,25,8,8,34,44,39 ,39,3,9,
minipeace,2021-02-21,fashions,L3,155,5,102,66,53,34,12,8,47,46,62 ,40,3,6,
minipeace,2021-02-22,fashions,L3,72,5,50,69,22,31,6,8,20,41,32 ,45,1,6,
minipeace,2021-02-23,fashions,L3,74,5,51,69,23,31,3,4,28,55,29 ,39,0,1,
minipeace,2021-02-24,fashions,L3,98,6,80,82,18,18,7,8,35,44,38 ,39,3,9,
minipeace,2021-02-25,fashions,L3,98,6,70,72,28,28,8,8,34,48,37 ,38,2,6,
minipeace,2021-02-26,fashions,L3,105,4,81,77,24,23,4,4,45,56,38 ,36,2,4,
minipeace,2021-02-27,fashions,L3,170,4,129,76,41,24,11,6,65,51,65 ,38,3,5,
minipeace,2021-02-28,fashions,L3,151,5,111,73,40,27,11,7,49,44,63 ,42,3,7,
Vowsoo,2021-02-01,kids_babies,L3,158,3,83,52,75,48,5,3,38,45,74 ,47,2,5,
Vowsoo,2021-02-02,kids_babies,L3,116,2,59,51,57,49,3,3,25,41,61 ,53,1,3,
Vowsoo,2021-02-03,kids_babies,L3,120,2,63,53,57,47,3,3,26,41,49 ,41,4,15,
Vowsoo,2021-02-04,kids_babies,L3,101,2,45,44,56,56,3,3,18,41,54 ,53,1,3,
Vowsoo,2021-02-05,kids_babies,L3,97,2,36,37,61,63,6,6,16,46,37 ,38,2,9,
Vowsoo,2021-02-06,kids_babies,L3,239,2,107,45,132,55,5,2,35,33,134 ,56,3,8,
Vowsoo,2021-02-07,kids_babies,L3,216,2,83,38,133,62,6,3,28,34,110 ,51,4,13,
Vowsoo,2021-02-08,kids_babies,L3,178,2,89,50,89,50,5,3,36,41,77 ,43,5,14,
Vowsoo,2021-02-09,kids_babies,L3,111,1,55,49,56,51,2,2,21,39,59 ,53,1,6,
Vowsoo,2021-02-10,kids_babies,L3,117,1,51,43,66,57,2,1,23,46,55 ,47,1,6,
Vowsoo,2021-02-11,kids_babies,L3,68,1,31,45,37,55,3,4,11,35,34 ,50,1,11,
Vowsoo,2021-02-12,kids_babies,L3,405,2,195,48,210,52,10,2,88,45,182 ,45,6,7,
Vowsoo,2021-02-13,kids_babies,L3,533,2,252,47,281,53,5,1,87,35,293 ,55,8,9,
Vowsoo,2021-02-14,kids_babies,L3,595,2,287,48,308,52,8,1,111,39,315 ,53,8,7,
Vowsoo,2021-02-15,kids_babies,L3,282,1,135,48,147,52,3,1,51,38,144 ,51,5,10,
Vowsoo,2021-02-16,kids_babies,L3,370,1,171,46,199,54,8,2,72,42,178 ,48,6,8,
Vowsoo,2021-02-17,kids_babies,L3,374,2,177,47,197,53,3,1,87,49,168 ,45,4,5,
Vowsoo,2021-02-18,kids_babies,L3,217,2,84,39,133,61,5,2,40,48,91 ,42,3,8,
Vowsoo,2021-02-19,kids_babies,L3,245,3,123,50,122,50,7,3,62,50,98 ,40,5,8,
Vowsoo,2021-02-20,kids_babies,L3,322,3,152,47,170,53,10,3,81,53,126 ,39,4,4,
Vowsoo,2021-02-21,kids_babies,L3,538,4,233,43,305,57,24,4,118,51,210 ,39,7,6,
Vowsoo,2021-02-22,kids_babies,L3,314,5,163,52,151,48,16,5,88,54,116 ,37,3,4,
Vowsoo,2021-02-23,kids_babies,L3,285,4,139,49,146,51,7,2,66,47,131 ,46,3,5,
Vowsoo,2021-02-24,kids_babies,L3,315,4,182,58,133,42,14,4,97,53,117 ,37,5,5,
Vowsoo,2021-02-25,kids_babies,L3,357,5,187,52,170,48,13,4,87,46,161 ,45,4,4,
Vowsoo,2021-02-26,kids_babies,L3,332,4,173,52,159,48,20,6,88,51,126 ,38,4,5,
Vowsoo,2021-02-27,kids_babies,L3,692,3,338,49,354,51,14,2,170,50,298 ,43,8,5,
Vowsoo,2021-02-28,kids_babies,L3,647,3,362,56,285,44,9,1,169,47,291 ,45,11,7,
YeeHoo,2021-02-01,facilities,L3,46,2,30,65,16,35,1,3,17,58,16 ,35,1,4,
YeeHoo,2021-02-02,facilities,L3,40,1,25,62,15,38,2,5,11,44,18 ,44,1,6,
YeeHoo,2021-02-03,facilities,L3,55,2,32,58,23,42,3,5,18,57,18 ,33,1,5,
YeeHoo,2021-02-04,facilities,L3,71,2,51,72,20,28,2,3,18,35,37 ,52,2,9,
YeeHoo,2021-02-05,facilities,L3,45,1,32,72,13,28,1,2,18,56,18 ,39,0,2,
YeeHoo,2021-02-06,facilities,L3,122,2,74,61,48,39,8,6,35,48,48 ,39,3,7,
YeeHoo,2021-02-07,facilities,L3,60,1,40,67,20,33,3,4,20,50,25 ,41,1,4,
YeeHoo,2021-02-08,facilities,L3,71,1,44,61,27,39,3,4,25,57,23 ,33,1,5,
YeeHoo,2021-02-09,facilities,L3,81,1,51,63,30,37,4,5,26,51,32 ,39,1,5,
YeeHoo,2021-02-10,facilities,L3,105,1,68,65,37,35,7,6,33,48,44 ,42,1,4,
YeeHoo,2021-02-11,facilities,L3,36,1,25,68,11,32,1,4,10,42,19 ,52,0,2,
YeeHoo,2021-02-12,facilities,L3,55,1,37,68,18,32,2,4,20,53,21 ,38,1,4,
YeeHoo,2021-02-13,facilities,L3,44,0,30,69,14,31,3,7,13,43,19 ,43,1,7,
YeeHoo,2021-02-14,facilities,L3,59,1,37,62,22,38,3,5,15,40,29 ,49,1,6,
YeeHoo,2021-02-15,facilities,L3,85,1,46,55,39,45,6,7,21,44,37 ,44,1,5,
YeeHoo,2021-02-16,facilities,L3,98,1,62,63,36,37,5,5,28,46,47 ,48,1,2,
YeeHoo,2021-02-17,facilities,L3,73,1,49,67,24,33,2,3,23,48,34 ,46,1,3,
YeeHoo,2021-02-18,facilities,L3,9,0,5,55,4,45,1,10,3,61,2 ,26,0,3,
YeeHoo,2021-02-19,facilities,L3,18,1,12,66,6,34,0,2,6,51,7 ,41,0,7,
YeeHoo,2021-02-20,facilities,L3,18,0,12,67,6,33,1,3,6,52,7 ,39,0,6,
YeeHoo,2021-02-21,facilities,L3,39,1,26,67,13,33,1,3,15,56,15 ,38,0,3,
YeeHoo,2021-02-22,facilities,L3,11,0,7,64,4,36,1,5,4,57,4 ,36,0,2,
YeeHoo,2021-02-23,facilities,L3,28,1,19,68,9,32,0,0,8,44,14 ,49,1,6,
YeeHoo,2021-02-24,facilities,L3,33,1,23,70,10,30,2,5,14,61,10 ,30,1,4,
YeeHoo,2021-02-25,facilities,L3,23,1,15,65,8,35,2,7,7,48,9 ,39,0,6,
YeeHoo,2021-02-26,facilities,L3,46,1,26,56,20,44,2,4,13,51,18 ,40,1,5,
YeeHoo,2021-02-27,facilities,L3,112,1,70,63,42,37,6,5,29,42,56 ,50,1,3,
YeeHoo,2021-02-28,facilities,L3,60,1,36,60,24,40,6,9,17,48,24 ,40,1,3,
Asics,2021-02-01,accessories,L4,98,4,54,55,44,45,2,2,19,35,59 ,60,1,4,
Asics,2021-02-02,accessories,L4,135,5,40,30,95,71,3,2,16,39,76 ,56,0,3,
Asics,2021-02-03,accessories,L4,118,4,66,56,52,44,0,0,18,28,79 ,67,1,5,
Asics,2021-02-04,accessories,L4,251,8,54,21,197,79,4,2,23,43,133 ,53,1,2,
Asics,2021-02-05,accessories,L4,155,5,84,54,71,46,0,0,26,31,102 ,66,1,3,
Asics,2021-02-06,accessories,L4,404,6,163,40,241,60,8,2,67,41,210 ,52,3,5,
Asics,2021-02-07,accessories,L4,160,4,87,54,73,46,2,1,31,36,94 ,59,1,5,
Asics,2021-02-08,accessories,L4,245,6,97,40,148,60,6,2,37,38,137 ,56,1,4,
Asics,2021-02-09,accessories,L4,193,5,106,55,87,45,9,5,37,35,104 ,54,2,6,
Asics,2021-02-10,accessories,L4,389,6,160,41,229,59,11,3,57,36,222 ,57,3,5,
Asics,2021-02-11,accessories,L4,134,6,56,42,78,58,4,3,22,40,70 ,52,1,5,
Asics,2021-02-12,accessories,L4,359,5,179,50,180,50,4,1,67,38,205 ,57,3,5,
Asics,2021-02-13,accessories,L4,418,5,205,49,213,51,6,1,75,37,230 ,55,5,7,
Asics,2021-02-14,accessories,L4,499,4,257,51,242,49,8,2,88,34,279 ,56,7,8,
Asics,2021-02-15,accessories,L4,415,4,215,52,200,48,8,2,75,35,232 ,56,5,7,
Asics,2021-02-16,accessories,L4,369,4,173,47,196,53,10,3,59,34,207 ,56,4,7,
Asics,2021-02-17,accessories,L4,391,5,212,54,179,46,6,2,75,35,227 ,58,4,5,
Asics,2021-02-18,accessories,L4,177,4,78,44,99,56,3,1,30,39,97 ,55,1,4,
Asics,2021-02-19,accessories,L4,190,5,98,52,92,48,8,4,39,39,95 ,50,2,6,
Asics,2021-02-20,accessories,L4,207,5,91,44,116,56,4,2,38,42,108 ,52,2,5,
Asics,2021-02-21,accessories,L4,294,5,139,47,155,53,6,2,57,41,156 ,53,2,4,
Asics,2021-02-22,accessories,L4,131,5,62,47,69,53,3,2,25,40,71 ,54,1,5,
Asics,2021-02-23,accessories,L4,154,5,65,42,89,58,2,1,21,32,97 ,63,1,4,
Asics,2021-02-24,accessories,L4,202,6,80,39,122,61,3,1,28,35,123 ,61,1,3,
Asics,2021-02-25,accessories,L4,144,5,66,46,78,54,2,1,22,34,88 ,61,1,4,
Asics,2021-02-26,accessories,L4,256,6,93,36,163,64,2,1,31,33,161 ,63,1,3,
Asics,2021-02-27,accessories,L4,410,4,202,49,208,51,15,4,67,33,234 ,57,4,6,
Asics,2021-02-28,accessories,L4,350,6,137,39,213,61,14,4,50,37,189 ,54,2,5,
OSIM,2021-02-01,consumer_electronics,L4,94,2,73,77,21,23,6,6,22,30,57 ,61,0,2,
OSIM,2021-02-02,consumer_electronics,L4,61,2,48,78,13,22,5,8,15,31,32 ,53,1,8,
OSIM,2021-02-03,consumer_electronics,L4,76,2,58,76,18,24,4,6,22,39,38 ,50,1,6,
OSIM,2021-02-04,consumer_electronics,L4,155,3,121,78,34,22,13,8,35,29,95 ,61,1,2,
OSIM,2021-02-05,consumer_electronics,L4,167,3,121,73,46,27,13,8,26,21,109 ,65,1,5,
OSIM,2021-02-06,consumer_electronics,L4,223,2,164,74,59,26,16,7,47,29,127 ,57,3,7,
OSIM,2021-02-07,consumer_electronics,L4,132,2,93,71,39,29,10,8,27,29,78 ,59,1,5,
OSIM,2021-02-08,consumer_electronics,L4,144,2,111,77,33,23,11,8,25,23,89 ,62,2,8,
OSIM,2021-02-09,consumer_electronics,L4,183,3,136,74,47,26,11,6,31,23,117 ,64,2,7,
OSIM,2021-02-10,consumer_electronics,L4,175,2,133,76,42,24,22,13,38,28,95 ,54,2,5,
OSIM,2021-02-11,consumer_electronics,L4,86,3,61,71,25,29,7,9,14,23,51 ,59,1,9,
OSIM,2021-02-12,consumer_electronics,L4,208,2,143,69,65,31,18,9,40,28,125 ,60,1,3,
OSIM,2021-02-13,consumer_electronics,L4,209,2,138,66,71,34,19,9,49,35,107 ,51,2,4,
OSIM,2021-02-14,consumer_electronics,L4,358,2,246,69,112,31,38,11,76,31,193 ,54,4,5,
OSIM,2021-02-15,consumer_electronics,L4,248,2,191,77,57,23,22,9,49,26,141 ,57,4,8,
OSIM,2021-02-16,consumer_electronics,L4,197,2,139,70,58,30,13,7,43,31,118 ,60,1,2,
OSIM,2021-02-17,consumer_electronics,L4,193,1,145,75,48,25,11,6,38,26,118 ,61,3,7,
OSIM,2021-02-18,consumer_electronics,L4,89,1,61,69,28,31,9,10,16,26,51 ,57,1,6,
OSIM,2021-02-19,consumer_electronics,L4,54,1,35,65,19,35,8,15,8,23,29 ,54,1,8,
OSIM,2021-02-20,consumer_electronics,L4,133,2,98,74,35,26,8,6,24,24,81 ,61,2,10,
OSIM,2021-02-21,consumer_electronics,L4,156,2,110,71,46,29,16,10,37,33,81 ,52,2,4,
OSIM,2021-02-22,consumer_electronics,L4,50,1,34,68,16,32,8,17,9,26,28 ,55,0,2,
OSIM,2021-02-23,consumer_electronics,L4,83,2,62,75,21,25,8,10,18,28,48 ,58,1,4,
OSIM,2021-02-24,consumer_electronics,L4,71,1,54,76,17,24,3,5,19,34,40 ,57,1,4,
OSIM,2021-02-25,consumer_electronics,L4,70,1,50,72,20,28,2,3,13,25,47 ,67,1,5,
OSIM,2021-02-26,consumer_electronics,L4,100,1,74,74,26,26,6,6,22,30,60 ,60,1,3,
OSIM,2021-02-27,consumer_electronics,L4,269,2,195,72,74,28,22,8,48,25,167 ,62,2,4,
OSIM,2021-02-28,consumer_electronics,L4,191,2,146,77,45,23,16,8,45,31,111 ,58,1,3,
CityGarden,2021-02-01,kids_babies,L5,3,0,2,67,1,33,0,0,1,33,0 ,0,0,67,
CityGarden,2021-02-02,kids_babies,L5,5,0,3,63,2,38,1,13,2,50,2 ,38,0,0,
CityGarden,2021-02-03,kids_babies,L5,5,0,4,83,1,17,1,17,1,17,3 ,67,0,0,
CityGarden,2021-02-04,kids_babies,L5,5,0,2,33,3,67,0,0,1,83,1 ,17,0,0,
CityGarden,2021-02-05,kids_babies,L5,12,0,6,50,6,50,0,0,4,64,3 ,21,1,14,
CityGarden,2021-02-06,kids_babies,L5,19,0,10,52,9,48,1,3,3,35,11 ,58,0,3,
CityGarden,2021-02-07,kids_babies,L5,13,0,4,31,9,69,0,4,2,62,4 ,31,0,4,
CityGarden,2021-02-08,kids_babies,L5,7,0,3,45,4,55,0,0,2,64,2 ,27,0,9,
CityGarden,2021-02-09,kids_babies,L5,2,0,1,33,1,67,0,0,0,33,1 ,33,0,33,
CityGarden,2021-02-10,kids_babies,L5,12,0,6,47,6,53,0,0,3,53,4 ,35,0,12,
CityGarden,2021-02-11,kids_babies,L5,1,0,1,67,0,33,0,0,0,67,0 ,33,0,0,
CityGarden,2021-02-12,kids_babies,L5,30,0,13,43,17,57,2,7,6,43,14 ,45,0,5,
CityGarden,2021-02-13,kids_babies,L5,33,0,16,47,17,53,1,4,6,40,15 ,44,1,13,
CityGarden,2021-02-14,kids_babies,L5,100,0,37,37,63,63,1,1,17,45,38 ,38,3,16,
CityGarden,2021-02-15,kids_babies,L5,39,0,19,48,20,52,1,2,8,41,15 ,39,1,18,
CityGarden,2021-02-16,kids_babies,L5,30,0,16,53,14,47,0,0,9,58,12 ,40,0,2,
CityGarden,2021-02-17,kids_babies,L5,22,0,12,56,10,44,0,0,7,59,5 ,24,1,17,
CityGarden,2021-02-18,kids_babies,L5,1,0,0,25,1,75,0,0,0,50,1 ,50,0,0,
CityGarden,2021-02-19,kids_babies,L5,2,0,1,50,1,50,0,0,1,100,0 ,0,0,0,
CityGarden,2021-02-20,kids_babies,L5,18,0,3,19,15,81,0,0,2,62,4 ,23,0,15,
CityGarden,2021-02-21,kids_babies,L5,27,0,10,37,17,63,0,0,7,70,8 ,28,0,2,
CityGarden,2021-02-22,kids_babies,L5,6,0,2,25,4,75,0,0,1,50,2 ,33,0,17,
CityGarden,2021-02-23,kids_babies,L5,11,0,1,13,10,87,0,0,1,47,4 ,40,0,13,
CityGarden,2021-02-24,kids_babies,L5,3,0,1,33,2,67,0,0,1,83,1 ,17,0,0,
CityGarden,2021-02-25,kids_babies,L5,8,0,3,42,5,58,0,0,1,33,4 ,50,0,17,
CityGarden,2021-02-26,kids_babies,L5,45,1,11,25,34,75,0,0,4,37,15 ,34,1,29,
CityGarden,2021-02-27,kids_babies,L5,85,1,35,41,50,59,1,1,15,43,31 ,37,3,20,
CityGarden,2021-02-28,kids_babies,L5,25,0,11,44,14,56,1,3,5,50,10 ,41,0,6,
NanluoFeiMao,2021-02-01,kids_babies,L5,426,9,111,26,315,74,90,21,26,23,222 ,52,1,4,
NanluoFeiMao,2021-02-02,kids_babies,L5,384,8,121,31,263,69,56,15,33,27,204 ,53,2,5,
NanluoFeiMao,2021-02-03,kids_babies,L5,397,7,99,25,298,75,56,14,21,22,246 ,62,1,3,
NanluoFeiMao,2021-02-04,kids_babies,L5,372,7,105,28,267,72,34,9,22,21,246 ,66,1,4,
NanluoFeiMao,2021-02-05,kids_babies,L5,606,9,174,29,432,71,69,11,36,21,382 ,63,2,5,
NanluoFeiMao,2021-02-06,kids_babies,L5,753,6,192,26,561,74,119,16,37,19,444 ,59,2,6,
NanluoFeiMao,2021-02-07,kids_babies,L5,638,7,192,30,446,70,88,14,34,18,402 ,63,2,5,
NanluoFeiMao,2021-02-08,kids_babies,L5,614,9,181,29,433,71,69,11,41,22,368 ,60,3,6,
NanluoFeiMao,2021-02-09,kids_babies,L5,575,8,165,29,410,71,68,12,39,23,345 ,60,2,5,
NanluoFeiMao,2021-02-10,kids_babies,L5,959,8,199,21,760,79,129,13,31,16,623 ,65,2,6,
NanluoFeiMao,2021-02-11,kids_babies,L5,252,6,80,32,172,68,38,15,12,15,164 ,65,1,5,
NanluoFeiMao,2021-02-12,kids_babies,L5,774,6,154,20,620,80,118,15,24,15,503 ,65,1,5,
NanluoFeiMao,2021-02-13,kids_babies,L5,1193,6,232,19,961,81,140,12,33,14,823 ,69,2,5,
NanluoFeiMao,2021-02-14,kids_babies,L5,1900,7,349,18,1551,82,274,14,46,13,1254 ,66,3,7,
NanluoFeiMao,2021-02-15,kids_babies,L5,1322,6,355,27,967,73,148,11,46,13,899 ,68,4,8,
NanluoFeiMao,2021-02-16,kids_babies,L5,1219,6,338,28,881,72,186,15,44,13,780 ,64,3,7,
NanluoFeiMao,2021-02-17,kids_babies,L5,1435,7,427,30,1008,70,163,11,58,14,947 ,66,5,9,
NanluoFeiMao,2021-02-18,kids_babies,L5,697,9,243,35,454,65,62,9,48,20,460 ,66,3,6,
NanluoFeiMao,2021-02-19,kids_babies,L5,710,7,263,37,447,63,87,12,42,16,469 ,66,2,5,
NanluoFeiMao,2021-02-20,kids_babies,L5,817,8,208,25,609,75,104,13,38,18,523 ,64,2,6,
NanluoFeiMao,2021-02-21,kids_babies,L5,1073,7,301,28,772,72,136,13,48,16,687 ,64,4,8,
NanluoFeiMao,2021-02-22,kids_babies,L5,578,9,170,29,408,71,64,11,35,21,353 ,61,2,7,
NanluoFeiMao,2021-02-23,kids_babies,L5,477,8,160,34,317,66,49,10,37,23,291 ,61,2,6,
NanluoFeiMao,2021-02-24,kids_babies,L5,536,8,186,35,350,65,51,10,37,20,354 ,66,2,5,
NanluoFeiMao,2021-02-25,kids_babies,L5,570,8,190,33,380,67,56,10,36,19,365 ,64,3,7,
NanluoFeiMao,2021-02-26,kids_babies,L5,820,7,186,23,634,77,94,11,30,16,541 ,66,2,6,
NanluoFeiMao,2021-02-27,kids_babies,L5,1362,7,374,27,988,73,149,11,52,14,913 ,67,4,8,
NanluoFeiMao,2021-02-28,kids_babies,L5,881,7,204,23,677,77,92,10,31,15,608 ,69,2,5,
Siyuehetun,2021-02-01,kids_babies,L6,39,2,15,39,24,61,1,2,8,50,18 ,45,0,3,
Siyuehetun,2021-02-02,kids_babies,L6,54,2,22,42,32,58,0,0,10,44,29 ,53,0,3,
Siyuehetun,2021-02-03,kids_babies,L6,64,2,19,30,45,70,2,3,9,45,31 ,48,0,5,
Siyuehetun,2021-02-04,kids_babies,L6,60,2,18,30,42,70,1,1,7,41,34 ,57,0,1,
Siyuehetun,2021-02-05,kids_babies,L6,51,2,20,39,31,61,0,0,12,59,20 ,39,0,1,
Siyuehetun,2021-02-06,kids_babies,L6,92,2,29,32,63,68,3,3,13,45,44 ,48,1,4,
Siyuehetun,2021-02-07,kids_babies,L6,51,2,23,45,28,55,1,1,13,57,21 ,41,0,1,
Siyuehetun,2021-02-08,kids_babies,L6,33,1,9,26,24,74,0,0,4,42,17 ,52,0,6,
Siyuehetun,2021-02-09,kids_babies,L6,45,1,17,37,28,63,0,0,7,40,26 ,57,0,2,
Siyuehetun,2021-02-10,kids_babies,L6,67,2,20,29,47,71,0,0,12,61,24 ,36,0,3,
Siyuehetun,2021-02-11,kids_babies,L6,63,2,25,40,38,60,1,1,12,46,30 ,47,1,5,
Siyuehetun,2021-02-12,kids_babies,L6,116,2,55,47,61,53,1,0,30,55,43 ,37,2,7,
Siyuehetun,2021-02-13,kids_babies,L6,186,2,87,47,99,53,2,1,39,44,93 ,50,2,5,
Siyuehetun,2021-02-14,kids_babies,L6,250,2,122,49,128,51,0,0,52,42,128 ,51,4,7,
Siyuehetun,2021-02-15,kids_babies,L6,216,2,94,44,122,56,0,0,46,49,99 ,46,2,5,
Siyuehetun,2021-02-16,kids_babies,L6,100,1,44,44,56,56,0,0,23,52,44 ,44,1,4,
Siyuehetun,2021-02-17,kids_babies,L6,96,1,34,36,62,65,2,2,15,43,50 ,52,0,3,
Siyuehetun,2021-02-18,kids_babies,L6,62,2,20,32,42,68,0,0,11,56,27 ,43,0,1,
Siyuehetun,2021-02-19,kids_babies,L6,104,3,29,28,75,72,1,1,16,54,43 ,41,1,5,
Siyuehetun,2021-02-20,kids_babies,L6,75,2,33,44,42,56,1,1,18,53,32 ,43,1,3,
Siyuehetun,2021-02-21,kids_babies,L6,76,2,32,41,44,59,0,0,19,60,24 ,32,2,8,
Siyuehetun,2021-02-22,kids_babies,L6,73,3,21,28,52,72,2,3,11,52,31 ,42,0,3,
Siyuehetun,2021-02-23,kids_babies,L6,64,3,27,42,37,58,1,1,18,66,19 ,29,1,4,
Siyuehetun,2021-02-24,kids_babies,L6,79,3,31,39,48,61,1,1,16,53,34 ,43,0,3,
Siyuehetun,2021-02-25,kids_babies,L6,70,3,29,42,41,58,1,1,14,47,34 ,49,1,4,
Siyuehetun,2021-02-26,kids_babies,L6,157,3,64,41,93,59,2,1,30,46,75 ,48,1,5,
Siyuehetun,2021-02-27,kids_babies,L6,222,3,89,40,133,60,2,1,45,51,95 ,43,3,6,
Siyuehetun,2021-02-28,kids_babies,L6,122,2,49,40,73,60,0,0,24,49,59 ,48,1,3,
